Workbook

Sheet Repair and Maintenance asper CA
A1: S. no. | B1: Nature of defect or deficiency
A2: Carriageway and Paved Shoulder
A3: 1 | B3: Cracking < 5% subjected to limit of 0.5 sqm for any 50 m length
A4: 2 | B4: Rutting < 5 mm
A5: 3 | B5: Ravelling < 1% of area
A6: 4 | B6: Potholes - Nil
A7: 5 | B7: Roughness value exceeding 2,400 mm/km

Sheet Mar-25 Summary
A1: Total Length Surveyed (in lane km) | B1: 261.1
A4: Summary @100m interval | H4: Summary @50m interval
A5: Distress Type | B5: Permissible Limites as per CA | C5: Total Lane Length (in km) | D5: Rectification Lane Length (in km) | E5: Percentage Lane Length Affected (%) | F5: Common Rectification Lane length (Survey Month July-24 and March-25) | H5: Distress Type | I5: Permissible Limites as per CA | J5: Total Lane Length (in km) | K5: Rectification Lane Length (in km) | L5: Percentage Lane Length Affected (%) | M5: Common Rectification Lane length (Survey Month July-24 and March-25)
A6: Roughness | B6: 2400 mm/km | C6: 261.1 | D6: 6.37 | E6: =D6/C6 -> 0.024396783 | F6: 2.58 | H6: Roughness | I6: 2400 mm/km | J6: 261.1 | K6: 6.37 | L6: =K6/J6 -> 0.024396783 | M6: 2.58
A7: Rutting | B7: 5 mm | C7: 261.1 | D7: 15.92 | E7: =D7/C7 -> 0.060972807 | F7: 14.8 | H7: Rutting | I7: 5 mm | J7: 261.1 | K7: 15.92 | L7: =K7/J7 -> 0.060972807 | M7: 14.8
A8: Cracking | B8: 0.05 | C8: 261.1 | D8: 0.3 | E8: =D8/C8 -> 0.0011489851 | F8: 0 | H8: Cracking | I8: 0.05 | J8: 261.1 | K8: 0.35 | L8: =K8/J8 -> 0.0013404826 | M8: 0.5
A9: Ravelling | B9: 0.01 | C9: 261.1 | D9: 0.7 | E9: =D9/C9 -> 0.0026809651 | F9: 0.4 | H9: Ravelling | I9: 0.01 | J9: 261.1 | K9: 0.7 | L9: =K9/J9 -> 0.0026809651 | M9: 0.4
A10: All 4 Distress | C10: 261.1 | D10: 23.19 | E10: =D10/C10 -> 0.088816545 | H10: All 4 Distress | J10: 261.1 | K10: 23.29 | L10: =K10/J10 -> 0.08919954
A11: Interval for the cracking is mentioned as 50m interval in contract agreement, but for analysis purpose all distress are calculated at 100m interval. | H11: Interval for cracking is calculated at 50m interval as mentioned in contract agreement
A13: Since in agreement permissible limit for roughness is not specified, the permissible limits has been taken form MoRT&H Circular no. RW/NH-33044/88/2021-S&R(P&B)/DNT(215840) Dated 29th March 2023 which specifies the maximum permissible limit is 2400 mm/km for Flexible Pavement. | H13: Since in agreement permissible limit for roughness is not specified, the permissible limits has been taken form MoRT&H Circular no. RW/NH-33044/88/2021-S&R(P&B)/DNT(215840) Dated 29th March 2023 which specifies the maximum permissible limit is 2400 mm/km for Flexible Pavement.

Sheet Roughness,Rut,Crack,Ravelling
A1: NH Number | B1: Start Chainage | C1: End Chainage | D1: Length | E1: Structure Details | F1: Roughness | S1: Rut Depth | AB1: Cracking | AL1: Ravelling
F2: Limitation of BI as per Concession Agreement (in mm/km) | G2: L1 | J2: L2 | M2: R1 | P2: R2 | S2: Limitation of Rut Depth as per Concession Agreement (in mm) | T2: L1 | V2: L2 | X2: R1 | Z2: R2 | AB2: Limitation of Cracking as per Concession Agreement (in % Area) | AC2: L1 | AE2: L2 | AH2: R1 | AJ2: R2 | AL2: Limitation of Ravelling as per Concession Agreement (in Sq m) | AM2: L1 | AO2: L2 | AQ2: R1 | AS2: R2
G3: Lane Roughness IRI (in m/km) | H3: Lane Roughness BI (in mm/km) | I3: Remark | J3: Lane Roughness IRI (in m/km) | K3: Lane Roughness BI (in mm/km) | L3: Remark | M3: Lane Roughness IRI (in m/km) | N3: Lane Roughness BI (in mm/km) | O3: Remark | P3: Lane Roughness IRI (in m/km) | Q3: Lane Roughness BI (in mm/km) | R3: Remark | T3: Rut Depth (in mm) | U3: Remark | V3: Rut Depth (in mm) | W3: Remark | X3: Rut Depth (in mm) | Y3: Remark | Z3: Rut Depth (in mm) | AA3: Remark | AC3: % Area | AD3: Remark | AE3: % Area | AF3: Remark | AH3: % Area | AI3: Remark | AJ3: % Area | AK3: Remark | AM3: Area (Sq m) | AN3: Remark | AO3: Area (Sq m) | AP3: Remark | AQ3: Area (Sq m) | AR3: Remark | AS3: Area (Sq m) | AT3: Remark
A4: NH-65 | B4: 249000 | C4: 249100 | D4: =C4-B4 -> 100 | F4: 2500 | G4: 5.675 | H4: =630*G4^1.12 -> 4403.341 | I4: =IF(H4>F4,"Rectification Required"," - ") -> Rectification Required | J4: 5.99 | K4: =630*J4^1.12 -> 4677.9825 | L4: =IF(K4>F4,"Rectification Required"," - ") -> Rectification Required | M4: 3.675 | N4: =630*M4^1.12 -> 2706.6293 | O4: =IF(N4>F4,"Rectification Required"," - ") -> Rectification Required | P4: 4.045 | Q4: =630*P4^1.12 -> 3013.6256 | R4: =IF(Q4>F4,"Rectification Required"," - ") -> Rectification Required | S4: 10 | T4: 11.8 | U4: =IF(T4>S4,"Rectification Required"," - ") -> Rectification Required | V4: 7.65 | W4: =IF(V4>S4,"Rectification Required"," - ") -> - | X4: 11.15 | Y4: =IF(X4>S4,"Rectification Required"," - ") -> Rectification Required | Z4: 5.2 | AA4: =IF(Z4>S4,"Rectification Required"," - ") -> - | AB4: 5 | AC4: 1.7652214 | AD4: =IF(AC4>AB4,"Rectification Required"," - ") -> - | AE4: 13.861845 | AF4: =IF(AE4>AB4,"Rectification Required"," - ") -> Rectification Required | AG4: 600 | AH4: 2.3269146 | AI4: =IF(AH4>AB4,"Rectification Required"," - ") -> - | AJ4: 17.840847 | AK4: =IF(AJ4>AB4,"Rectification Required"," - ") -> Rectification Required | AL4: 10 | AM4: 23.91 | AN4: =IF(AM4>AL4,"Rectification Required"," - ") -> Rectification Required | AO4: 22.51 | AP4: =IF(AO4>AL4,"Rectification Required"," - ") -> Rectification Required | AQ4: 39.61 | AR4: =IF(AQ4>AL4,"Rectification Required"," - ") -> Rectification Required | AS4: 15.154 | AT4: =IF(AS4>AL4,"Rectification Required"," - ") -> Rectification Required
A5: NH-65 | B5: 249100 | C5: 249200 | D5: =C5-B5 -> 100 | F5: 2500 | G5: 4.605 | H5: =630*G5^1.12 -> 3484.6386 | I5: =IF(H5>F5,"Rectification Required"," - ") -> Rectification Required | J5: 2.915 | K5: =630*J5^1.12 -> 2088.0252 | L5: =IF(K5>F5,"Rectification Required"," - ") -> - | M5: 5.275 | N5: =630*M5^1.12 -> 4057.2308 | O5: =IF(N5>F5,"Rectification Required"," - ") -> Rectification Required | P5: 3.24 | Q5: =630*P5^1.12 -> 2350.4497 | R5: =IF(Q5>F5,"Rectification Required"," - ") -> - | S5: 10 | T5: 11.8 | U5: =IF(T5>S5,"Rectification Required"," - ") -> Rectification Required | V5: 5.5 | W5: =IF(V5>S5,"Rectification Required"," - ") -> - | X5: 13.3 | Y5: =IF(X5>S5,"Rectification Required"," - ") -> Rectification Required | Z5: 2.6 | AA5: =IF(Z5>S5,"Rectification Required"," - ") -> - | AB5: 5 | AC5: 9.1530449 | AD5: =IF(AC5>AB5,"Rectification Required"," - ") -> Rectification Required | AE5: 28.346107 | AF5: =IF(AE5>AB5,"Rectification Required"," - ") -> Rectification Required | AG5: 599 | AH5: 10.733031 | AI5: =IF(AH5>AB5,"Rectification Required"," - ") -> Rectification Required | AJ5: 0.032578286 | AK5: =IF(AJ5>AB5,"Rectification Required"," - ") -> - | AL5: 10 | AM5: 28.509 | AN5: =IF(AM5>AL5,"Rectification Required"," - ") -> Rectification Required | AO5: 28.298 | AP5: =IF(AO5>AL5,"Rectification Required"," - ") -> Rectification Required | AQ5: 32.352 | AR5: =IF(AQ5>AL5,"Rectification Required"," - ") -> Rectification Required | AS5: 25.789 | AT5: =IF(AS5>AL5,"Rectification Required"," - ") -> Rectification Required
A6: NH-65 | B6: 249200 | C6: 249300 | D6: =C6-B6 -> 100 | F6: 2500 | G6: 7.85 | H6: =630*G6^1.12 -> 6332.7824 | I6: =IF(H6>F6,"Rectification Required"," - ") -> Rectification Required | J6: 4 | K6: =630*J6^1.12 -> 2976.1015 | L6: =IF(K6>F6,"Rectification Required"," - ") -> Rectification Required | M6: 4.02 | N6: =630*M6^1.12 -> 2992.7727 | O6: =IF(N6>F6,"Rectification Required"," - ") -> Rectification Required | P6: 3.45 | Q6: =630*P6^1.12 -> 2521.7262 | R6: =IF(Q6>F6,"Rectification Required"," - ") -> Rectification Required | S6: 10 | T6: 11.65 | U6: =IF(T6>S6,"Rectification Required"," - ") -> Rectification Required | V6: 4.25 | W6: =IF(V6>S6,"Rectification Required"," - ") -> - | X6: 2.85 | Y6: =IF(X6>S6,"Rectification Required"," - ") -> - | Z6: 1.55 | AA6: =IF(Z6>S6,"Rectification Required"," - ") -> - | AB6: 5 | AC6: 46.573171 | AD6: =IF(AC6>AB6,"Rectification Required"," - ") -> Rectification Required | AE6: 8.8543029 | AF6: =IF(AE6>AB6,"Rectification Required"," - ") -> Rectification Required | AG6: 598 | AH6: 2.5864386 | AI6: =IF(AH6>AB6,"Rectification Required"," - ") -> - | AJ6: 0.0078931429 | AK6: =IF(AJ6>AB6,"Rectification Required"," - ") -> - | AL6: 10 | AM6: 20.032 | AN6: =IF(AM6>AL6,"Rectification Required"," - ") -> Rectification Required | AO6: 25.613 | AP6: =IF(AO6>AL6,"Rectification Required"," - ") -> Rectification Required | AQ6: 36.544 | AR6: =IF(AQ6>AL6,"Rectification Required"," - ") -> Rectification Required | AS6: 27.085 | AT6: =IF(AS6>AL6,"Rectification Required"," - ") -> Rectification Required
A7: NH-65 | B7: 249300 | C7: 249400 | D7: =C7-B7 -> 100 | F7: 2500 | G7: 6.31 | H7: =630*G7^1.12 -> 4958.7639 | I7: =IF(H7>F7,"Rectification Required"," - ") -> Rectification Required | J7: 4.92 | K7: =630*J7^1.12 -> 3752.6794 | L7: =IF(K7>F7,"Rectification Required"," - ") -> Rectification Required | M7: 5.14 | N7: =630*M7^1.12 -> 3941.1162 | O7: =IF(N7>F7,"Rectification Required"," - ") -> Rectification Required | P7: 2.85 | Q7: =630*P7^1.12 -> 2035.9485 | R7: =IF(Q7>F7,"Rectification Required"," - ") -> - | S7: 10 | T7: 13.65 | U7: =IF(T7>S7,"Rectification Required"," - ") -> Rectification Required | V7: 2.05 | W7: =IF(V7>S7,"Rectification Required"," - ") -> - | X7: 5.25 | Y7: =IF(X7>S7,"Rectification Required"," - ") -> - | Z7: 1.8 | AA7: =IF(Z7>S7,"Rectification Required"," - ") -> - | AB7: 5 | AC7: 8.0585691 | AD7: =IF(AC7>AB7,"Rectification Required"," - ") -> Rectification Required | AE7: 2.0181417 | AF7: =IF(AE7>AB7,"Rectification Required"," - ") -> - | AG7: 597 | AH7: 0.90498143 | AI7: =IF(AH7>AB7,"Rectification Required"," - ") -> - | AJ7: 1.3879631 | AK7: =IF(AJ7>AB7,"Rectification Required"," - ") -> - | AL7: 10 | AM7: 24 | AN7: =IF(AM7>AL7,"Rectification Required"," - ") -> Rectification Required | AO7: 21.03 | AP7: =IF(AO7>AL7,"Rectification Required"," - ") -> Rectification Required | AQ7: 41.155 | AR7: =IF(AQ7>AL7,"Rectification Required"," - ") -> Rectification Required | AS7: 34.948 | AT7: =IF(AS7>AL7,"Rectification Required"," - ") -> Rectification Required
A8: NH-65 | B8: 249400 | C8: 249500 | D8: =C8-B8 -> 100 | F8: 2500 | G8: 3.93 | H8: =630*G8^1.12 -> 2917.8315 | I8: =IF(H8>F8,"Rectification Required"," - ") -> Rectification Required | J8: 3.32 | K8: =630*J8^1.12 -> 2415.5454 | L8: =IF(K8>F8,"Rectification Required"," - ") -> - | M8: 4.85 | N8: =630*M8^1.12 -> 3692.9319 | O8: =IF(N8>F8,"Rectification Required"," - ") -> Rectification Required | P8: 4.06 | Q8: =630*P8^1.12 -> 3026.1448 | R8: =IF(Q8>F8,"Rectification Required"," - ") -> Rectification Required | S8: 10 | T8: 16.95 | U8: =IF(T8>S8,"Rectification Required"," - ") -> Rectification Required | V8: 2 | W8: =IF(V8>S8,"Rectification Required"," - ") -> - | X8: 3.55 | Y8: =IF(X8>S8,"Rectification Required"," - ") -> - | Z8: 1.35 | AA8: =IF(Z8>S8,"Rectification Required"," - ") -> - | AB8: 5 | AC8: 19.531054 | AD8: =IF(AC8>AB8,"Rectification Required"," - ") -> Rectification Required | AE8: 0.0071791429 | AF8: =IF(AE8>AB8,"Rectification Required"," - ") -> - | AG8: 596 | AH8: 0.26386657 | AI8: =IF(AH8>AB8,"Rectification Required"," - ") -> - | AJ8: 0.19490914 | AK8: =IF(AJ8>AB8,"Rectification Required"," - ") -> - | AL8: 10 | AM8: 25.342 | AN8: =IF(AM8>AL8,"Rectification Required"," - ") -> Rectification Required | AO8: 24.501 | AP8: =IF(AO8>AL8,"Rectification Required"," - ") -> Rectification Required | AQ8: 40.931 | AR8: =IF(AQ8>AL8,"Rectification Required"," - ") -> Rectification Required | AS8: 38.721 | AT8: =IF(AS8>AL8,"Rectification Required"," - ") -> Rectification Required
A9: NH-65 | B9: 249500 | C9: 249600 | D9: =C9-B9 -> 100 | F9: 2500 | G9: 5.855 | H9: =630*G9^1.12 -> 4560.0613 | I9: =IF(H9>F9,"Rectification Required"," - ") -> Rectification Required | J9: 3.335 | K9: =630*J9^1.12 -> 2427.7719 | L9: =IF(K9>F9,"Rectification Required"," - ") -> - | M9: 4.45 | N9: =630*M9^1.12 -> 3353.5421 | O9: =IF(N9>F9,"Rectification Required"," - ") -> Rectification Required | P9: 3.525 | Q9: =630*P9^1.12 -> 2583.2044 | R9: =IF(Q9>F9,"Rectification Required"," - ") -> Rectification Required | S9: 10 | T9: 13.4 | U9: =IF(T9>S9,"Rectification Required"," - ") -> Rectification Required | V9: 3.75 | W9: =IF(V9>S9,"Rectification Required"," - ") -> - | X9: 3.75 | Y9: =IF(X9>S9,"Rectification Required"," - ") -> - | Z9: 1.45 | AA9: =IF(Z9>S9,"Rectification Required"," - ") -> - | AB9: 5 | AC9: 22.507092 | AD9: =IF(AC9>AB9,"Rectification Required"," - ") -> Rectification Required | AE9: 8.7812291 | AF9: =IF(AE9>AB9,"Rectification Required"," - ") -> Rectification Required | AG9: 595 | AH9: 0.031524286 | AI9: =IF(AH9>AB9,"Rectification Required"," - ") -> - | AJ9: 0.0036202857 | AK9: =IF(AJ9>AB9,"Rectification Required"," - ") -> - | AL9: 10 | AM9: 28.829 | AN9: =IF(AM9>AL9,"Rectification Required"," - ") -> Rectification Required | AO9: 29.411 | AP9: =IF(AO9>AL9,"Rectification Required"," - ") -> Rectification Required | AQ9: 36.148 | AR9: =IF(AQ9>AL9,"Rectification Required"," - ") -> Rectification Required | AS9: 34.632 | AT9: =IF(AS9>AL9,"Rectification Required"," - ") -> Rectification Required
A10: NH-65 | B10: 249600 | C10: 249700 | D10: =C10-B10 -> 100 | F10: 2500 | G10: 3.69 | H10: =630*G10^1.12 -> 2719.0055 | I10: =IF(H10>F10,"Rectification Required"," - ") -> Rectification Required | J10: 4.19 | K10: =630*J10^1.12 -> 3134.8752 | L10: =IF(K10>F10,"Rectification Required"," - ") -> Rectification Required | M10: 3.75 | N10: =630*M10^1.12 -> 2768.5704 | O10: =IF(N10>F10,"Rectification Required"," - ") -> Rectification Required | P10: 3.535 | Q10: =630*P10^1.12 -> 2591.4134 | R10: =IF(Q10>F10,"Rectification Required"," - ") -> Rectification Required | S10: 10 | T10: 4.1 | U10: =IF(T10>S10,"Rectification Required"," - ") -> - | V10: 4.4 | W10: =IF(V10>S10,"Rectification Required"," - ") -> - | X10: 5.45 | Y10: =IF(X10>S10,"Rectification Required"," - ") -> - | Z10: 1.6 | AA10: =IF(Z10>S10,"Rectification Required"," - ") -> - | AB10: 5 | AC10: 0.0053168571 | AD10: =IF(AC10>AB10,"Rectification Required"," - ") -> - | AE10: 3.0089137 | AF10: =IF(AE10>AB10,"Rectification Required"," - ") -> - | AG10: 594 | AH10: 0.020573714 | AI10: =IF(AH10>AB10,"Rectification Required"," - ") -> - | AJ10: 0.018676286 | AK10: =IF(AJ10>AB10,"Rectification Required"," - ") -> - | AL10: 10 | AM10: 43.552 | AN10: =IF(AM10>AL10,"Rectification Required"," - ") -> Rectification Required | AO10: 31.685 | AP10: =IF(AO10>AL10,"Rectification Required"," - ") -> Rectification Required | AQ10: 36.967 | AR10: =IF(AQ10>AL10,"Rectification Required"," - ") -> Rectification Required | AS10: 31.114 | AT10: =IF(AS10>AL10,"Rectification Required"," - ") -> Rectification Required
A11: NH-65 | B11: 249700 | C11: 249800 | D11: =C11-B11 -> 100 | F11: 2500 | G11: 3.27 | H11: =630*G11^1.12 -> 2374.8382 | I11: =IF(H11>F11,"Rectification Required"," - ") -> - | J11: 4.235 | K11: =630*J11^1.12 -> 3172.6077 | L11: =IF(K11>F11,"Rectification Required"," - ") -> Rectification Required | M11: 4.185 | N11: =630*M11^1.12 -> 3130.6857 | O11: =IF(N11>F11,"Rectification Required"," - ") -> Rectification Required | P11: 3.27 | Q11: =630*P11^1.12 -> 2374.8382 | R11: =IF(Q11>F11,"Rectification Required"," - ") -> - | S11: 10 | T11: 1.9 | U11: =IF(T11>S11,"Rectification Required"," - ") -> - | V11: 3.9 | W11: =IF(V11>S11,"Rectification Required"," - ") -> - | X11: 14.1 | Y11: =IF(X11>S11,"Rectification Required"," - ") -> Rectification Required | Z11: 1.55 | AA11: =IF(Z11>S11,"Rectification Required"," - ") -> - | AB11: 5 | AC11: 0.0036945714 | AD11: =IF(AC11>AB11,"Rectification Required"," - ") -> - | AE11: 0.0033485714 | AF11: =IF(AE11>AB11,"Rectification Required"," - ") -> - | AG11: 593 | AH11: 6.9771254 | AI11: =IF(AH11>AB11,"Rectification Required"," - ") -> Rectification Required | AJ11: 0.0065671429 | AK11: =IF(AJ11>AB11,"Rectification Required"," - ") -> - | AL11: 10 | AM11: 43.82 | AN11: =IF(AM11>AL11,"Rectification Required"," - ") -> Rectification Required | AO11: 31.224 | AP11: =IF(AO11>AL11,"Rectification Required"," - ") -> Rectification Required | AQ11: 32.961 | AR11: =IF(AQ11>AL11,"Rectification Required"," - ") -> Rectification Required | AS11: 32.309 | AT11: =IF(AS11>AL11,"Rectification Required"," - ") -> Rectification Required
A12: NH-65 | B12: 249800 | C12: 249900 | D12: =C12-B12 -> 100 | F12: 2500 | G12: 3.905 | H12: =630*G12^1.12 -> 2897.0508 | I12: =IF(H12>F12,"Rectification Required"," - ") -> Rectification Required | J12: 3.275 | K12: =630*J12^1.12 -> 2378.9056 | L12: =IF(K12>F12,"Rectification Required"," - ") -> - | M12: 5.205 | N12: =630*M12^1.12 -> 3996.9781 | O12: =IF(N12>F12,"Rectification Required"," - ") -> Rectification Required | P12: 3.835 | Q12: =630*P12^1.12 -> 2838.9501 | R12: =IF(Q12>F12,"Rectification Required"," - ") -> Rectification Required | S12: 10 | T12: 2.2 | U12: =IF(T12>S12,"Rectification Required"," - ") -> - | V12: 2.2 | W12: =IF(V12>S12,"Rectification Required"," - ") -> - | X12: 9.05 | Y12: =IF(X12>S12,"Rectification Required"," - ") -> - | Z12: 2.2 | AA12: =IF(Z12>S12,"Rectification Required"," - ") -> - | AB12: 5 | AC12: 1.5585657 | AD12: =IF(AC12>AB12,"Rectification Required"," - ") -> - | AE12: 0.00082085714 | AF12: =IF(AE12>AB12,"Rectification Required"," - ") -> - | AG12: 592 | AH12: 1.7386497 | AI12: =IF(AH12>AB12,"Rectification Required"," - ") -> - | AJ12: 2.4055346 | AK12: =IF(AJ12>AB12,"Rectification Required"," - ") -> - | AL12: 10 | AM12: 43.071 | AN12: =IF(AM12>AL12,"Rectification Required"," - ") -> Rectification Required | AO12: 27.274 | AP12: =IF(AO12>AL12,"Rectification Required"," - ") -> Rectification Required | AQ12: 18.428 | AR12: =IF(AQ12>AL12,"Rectification Required"," - ") -> Rectification Required | AS12: 29.178 | AT12: =IF(AS12>AL12,"Rectification Required"," - ") -> Rectification Required
A13: NH-65 | B13: 249900 | C13: 250000 | D13: =C13-B13 -> 100 | F13: 2500 | G13: 3.18 | H13: =630*G13^1.12 -> 2301.7541 | I13: =IF(H13>F13,"Rectification Required"," - ") -> - | J13: 3.825 | K13: =630*J13^1.12 -> 2830.6604 | L13: =IF(K13>F13,"Rectification Required"," - ") -> Rectification Required | M13: 5.36 | N13: =630*M13^1.12 -> 4130.5237 | O13: =IF(N13>F13,"Rectification Required"," - ") -> Rectification Required | P13: 4.29 | Q13: =630*P13^1.12 -> 3218.7905 | R13: =IF(Q13>F13,"Rectification Required"," - ") -> Rectification Required | S13: 10 | T13: 1.85 | U13: =IF(T13>S13,"Rectification Required"," - ") -> - | V13: 2.75 | W13: =IF(V13>S13,"Rectification Required"," - ") -> - | X13: 7.05 | Y13: =IF(X13>S13,"Rectification Required"," - ") -> - | Z13: 2.25 | AA13: =IF(Z13>S13,"Rectification Required"," - ") -> - | AB13: 5 | AC13: 0.0074851429 | AD13: =IF(AC13>AB13,"Rectification Required"," - ") -> - | AE13: 0.0019828571 | AF13: =IF(AE13>AB13,"Rectification Required"," - ") -> - | AG13: 591 | AH13: 2.5284994 | AI13: =IF(AH13>AB13,"Rectification Required"," - ") -> - | AJ13: 0.018235714 | AK13: =IF(AJ13>AB13,"Rectification Required"," - ") -> - | AL13: 10 | AM13: 42.916 | AN13: =IF(AM13>AL13,"Rectification Required"," - ") -> Rectification Required | AO13: 30.385 | AP13: =IF(AO13>AL13,"Rectification Required"," - ") -> Rectification Required | AQ13: 30.057 | AR13: =IF(AQ13>AL13,"Rectification Required"," - ") -> Rectification Required | AS13: 25.625 | AT13: =IF(AS13>AL13,"Rectification Required"," - ") -> Rectification Required
A14: NH-65 | B14: 250000 | C14: 250100 | D14: =C14-B14 -> 100 | F14: 2500 | G14: 4.275 | H14: =630*G14^1.12 -> 3206.1881 | I14: =IF(H14>F14,"Rectification Required"," - ") -> Rectification Required | J14: 4.455 | K14: =630*J14^1.12 -> 3357.7626 | L14: =IF(K14>F14,"Rectification Required"," - ") -> Rectification Required | M14: 6.59 | N14: =630*M14^1.12 -> 5205.8568 | O14: =IF(N14>F14,"Rectification Required"," - ") -> Rectification Required | P14: 5.045 | Q14: =630*P14^1.12 -> 3859.6246 | R14: =IF(Q14>F14,"Rectification Required"," - ") -> Rectification Required | S14: 10 | T14: 2.6 | U14: =IF(T14>S14,"Rectification Required"," - ") -> - | V14: 3 | W14: =IF(V14>S14,"Rectification Required"," - ") -> - | X14: 7.4 | Y14: =IF(X14>S14,"Rectification Required"," - ") -> - | Z14: 1.8 | AA14: =IF(Z14>S14,"Rectification Required"," - ") -> - | AB14: 5 | AC14: 0.41040029 | AD14: =IF(AC14>AB14,"Rectification Required"," - ") -> - | AE14: 0.01088 | AF14: =IF(AE14>AB14,"Rectification Required"," - ") -> - | AG14: 590 | AH14: 0.17151543 | AI14: =IF(AH14>AB14,"Rectification Required"," - ") -> - | AJ14: 0.0024762857 | AK14: =IF(AJ14>AB14,"Rectification Required"," - ") -> - | AL14: 10 | AM14: 44.005 | AN14: =IF(AM14>AL14,"Rectification Required"," - ") -> Rectification Required | AO14: 30.291 | AP14: =IF(AO14>AL14,"Rectification Required"," - ") -> Rectification Required | AQ14: 24.386 | AR14: =IF(AQ14>AL14,"Rectification Required"," - ") -> Rectification Required | AS14: 19.596 | AT14: =IF(AS14>AL14,"Rectification Required"," - ") -> Rectification Required
A15: NH-65 | B15: 250100 | C15: 250200 | D15: =C15-B15 -> 100 | F15: 2500 | G15: 4.74 | H15: =630*G15^1.12 -> 3599.2523 | I15: =IF(H15>F15,"Rectification Required"," - ") -> Rectification Required | J15: 3.075 | K15: =630*J15^1.12 -> 2216.8029 | L15: =IF(K15>F15,"Rectification Required"," - ") -> - | M15: 4.945 | N15: =630*M15^1.12 -> 3774.0426 | O15: =IF(N15>F15,"Rectification Required"," - ") -> Rectification Required | P15: 5.445 | Q15: =630*P15^1.12 -> 4203.9562 | R15: =IF(Q15>F15,"Rectification Required"," - ") -> Rectification Required | S15: 10 | T15: 4.95 | U15: =IF(T15>S15,"Rectification Required"," - ") -> - | V15: 2.45 | W15: =IF(V15>S15,"Rectification Required"," - ") -> - | X15: 15.95 | Y15: =IF(X15>S15,"Rectification Required"," - ") -> Rectification Required | Z15: 2.5 | AA15: =IF(Z15>S15,"Rectification Required"," - ") -> - | AB15: 5 | AC15: 0.014874571 | AD15: =IF(AC15>AB15,"Rectification Required"," - ") -> - | AE15: 0.017098857 | AF15: =IF(AE15>AB15,"Rectification Required"," - ") -> - | AG15: 589 | AH15: 6.2334211 | AI15: =IF(AH15>AB15,"Rectification Required"," - ") -> Rectification Required | AJ15: 0.027054571 | AK15: =IF(AJ15>AB15,"Rectification Required"," - ") -> - | AL15: 10 | AM15: 45.462 | AN15: =IF(AM15>AL15,"Rectification Required"," - ") -> Rectification Required | AO15: 29.481 | AP15: =IF(AO15>AL15,"Rectification Required"," - ") -> Rectification Required | AQ15: 28.712 | AR15: =IF(AQ15>AL15,"Rectification Required"," - ") -> Rectification Required | AS15: 22.598 | AT15: =IF(AS15>AL15,"Rectification Required"," - ") -> Rectification Required
... A374: NH-65 | B374: 286000 | C374: 286100 | D374: =C374-B374 -> 100 | F374: 2500 | G374: 2.935 | H374: =630*G374^1.12 -> 2104.077 | I374: =IF(H374>F374,"Rectification Required"," - ") -> - | J374: 4.565 | K374: =630*J374^1.12 -> 3450.7558 | L374: =IF(K374>F374,"Rectification Required"," - ") -> Rectification Required | M374: 2.81 | N374: =630*M374^1.12 -> 2003.9719 | O374: =IF(N374>F374,"Rectification Required"," - ") -> - | P374: 2.57 | Q374: =630*P374^1.12 -> 1813.2832 | R374: =IF(Q374>F374,"Rectification Required"," - ") -> - | S374: 10 | T374: 5.75 | U374: =IF(T374>S374,"Rectification Required"," - ") -> - | V374: 5 | W374: =IF(V374>S374,"Rectification Required"," - ") -> - | X374: 4.95 | Y374: =IF(X374>S374,"Rectification Required"," - ") -> - | Z374: 5.45 | AA374: =IF(Z374>S374,"Rectification Required"," - ") -> - | AB374: 5 | AC374: 7.616356 | AD374: =IF(AC374>AB374,"Rectification Required"," - ") -> Rectification Required | AE374: 4.5304283 | AF374: =IF(AE374>AB374,"Rectification Required"," - ") -> - | AG374: 230 | AH374: 0.0066922857 | AI374: =IF(AH374>AB374,"Rectification Required"," - ") -> - | AJ374: 11.981817 | AK374: =IF(AJ374>AB374,"Rectification Required"," - ") -> Rectification Required | AL374: 10 | AM374: 27.075 | AN374: =IF(AM374>AL374,"Rectification Required"," - ") -> Rectification Required | AO374: 26.991 | AP374: =IF(AO374>AL374,"Rectification Required"," - ") -> Rectification Required | AQ374: 33.843 | AR374: =IF(AQ374>AL374,"Rectification Required"," - ") -> Rectification Required | AS374: 15.983 | AT374: =IF(AS374>AL374,"Rectification Required"," - ") -> Rectification Required
A375: NH-65 | B375: 286100 | C375: 286200 | D375: =C375-B375 -> 100 | F375: 2500 | G375: 1.58 | H375: =630*G375^1.12 -> 1051.5659 | I375: =IF(H375>F375,"Rectification Required"," - ") -> - | J375: 2.73 | K375: =630*J375^1.12 -> 1940.1831 | L375: =IF(K375>F375,"Rectification Required"," - ") -> - | M375: UC | N375: =630*M375^1.12 -> #VALUE! | O375: =IF(N375>F375,"Rectification Required"," - ") -> #VALUE! | P375: UC | Q375: =630*P375^1.12 -> #VALUE! | R375: =IF(Q375>F375,"Rectification Required"," - ") -> #VALUE! | S375: 10 | T375: 5.3 | U375: =IF(T375>S375,"Rectification Required"," - ") -> - | V375: 6.4 | W375: =IF(V375>S375,"Rectification Required"," - ") -> - | X375: 0 | Y375: =IF(X375>S375,"Rectification Required"," - ") -> - | Z375: 0 | AA375: =IF(Z375>S375,"Rectification Required"," - ") -> - | AB375: 5 | AC375: 18.375875 | AD375: =IF(AC375>AB375,"Rectification Required"," - ") -> Rectification Required | AE375: 25.136565 | AF375: =IF(AE375>AB375,"Rectification Required"," - ") -> Rectification Required | AG375: 229 | AH375: 0 | AI375: =IF(AH375>AB375,"Rectification Required"," - ") -> - | AJ375: 0 | AK375: =IF(AJ375>AB375,"Rectification Required"," - ") -> - | AL375: 10 | AM375: 8.199 | AN375: =IF(AM375>AL375,"Rectification Required"," - ") -> - | AO375: 9.259 | AP375: =IF(AO375>AL375,"Rectification Required"," - ") -> - | AQ375: 19.2 | AR375: =IF(AQ375>AL375,"Rectification Required"," - ") -> Rectification Required | AS375: 12.831 | AT375: =IF(AS375>AL375,"Rectification Required"," - ") -> Rectification Required
A376: NH-65 | B376: 286200 | C376: 286300 | D376: =C376-B376 -> 100 | F376: 2500 | G376: 0 | H376: =630*G376^1.12 -> 0 | I376: =IF(H376>F376,"Rectification Required"," - ") -> - | J376: 0 | K376: =630*J376^1.12 -> 0 | L376: =IF(K376>F376,"Rectification Required"," - ") -> - | M376: 0 | N376: =630*M376^1.12 -> 0 | O376: =IF(N376>F376,"Rectification Required"," - ") -> - | P376: 0 | Q376: =630*P376^1.12 -> 0 | R376: =IF(Q376>F376,"Rectification Required"," - ") -> - | S376: 10 | T376: 0 | U376: =IF(T376>S376,"Rectification Required"," - ") -> - | V376: 0 | W376: =IF(V376>S376,"Rectification Required"," - ") -> - | X376: 0 | Y376: =IF(X376>S376,"Rectification Required"," - ") -> - | Z376: 0 | AA376: =IF(Z376>S376,"Rectification Required"," - ") -> - | AB376: 5 | AC376: 0 | AD376: =IF(AC376>AB376,"Rectification Required"," - ") -> - | AE376: 0 | AF376: =IF(AE376>AB376,"Rectification Required"," - ") -> - | AG376: 228 | AH376: 0 | AI376: =IF(AH376>AB376,"Rectification Required"," - ") -> - | AJ376: 0 | AK376: =IF(AJ376>AB376,"Rectification Required"," - ") -> - | AL376: 10 | AM376: 0 | AN376: =IF(AM376>AL376,"Rectification Required"," - ") -> - | AO376: 0 | AP376: =IF(AO376>AL376,"Rectification Required"," - ") -> - | AQ376: 0 | AR376: =IF(AQ376>AL376,"Rectification Required"," - ") -> - | AS376: 0 | AT376: =IF(AS376>AL376,"Rectification Required"," - ") -> -
A377: NH-65 | B377: 286300 | C377: 286400 | D377: =C377-B377 -> 100 | F377: 2500 | G377: 0 | H377: =630*G377^1.12 -> 0 | I377: =IF(H377>F377,"Rectification Required"," - ") -> - | J377: 0 | K377: =630*J377^1.12 -> 0 | L377: =IF(K377>F377,"Rectification Required"," - ") -> - | M377: 0 | N377: =630*M377^1.12 -> 0 | O377: =IF(N377>F377,"Rectification Required"," - ") -> - | P377: 0 | Q377: =630*P377^1.12 -> 0 | R377: =IF(Q377>F377,"Rectification Required"," - ") -> - | S377: 10 | T377: 0 | U377: =IF(T377>S377,"Rectification Required"," - ") -> - | V377: 0 | W377: =IF(V377>S377,"Rectification Required"," - ") -> - | X377: 0 | Y377: =IF(X377>S377,"Rectification Required"," - ") -> - | Z377: 0 | AA377: =IF(Z377>S377,"Rectification Required"," - ") -> - | AB377: 5 | AC377: 0 | AD377: =IF(AC377>AB377,"Rectification Required"," - ") -> - | AE377: 0 | AF377: =IF(AE377>AB377,"Rectification Required"," - ") -> - | AG377: 227 | AH377: 0 | AI377: =IF(AH377>AB377,"Rectification Required"," - ") -> - | AJ377: 0 | AK377: =IF(AJ377>AB377,"Rectification Required"," - ") -> - | AL377: 10 | AM377: 0 | AN377: =IF(AM377>AL377,"Rectification Required"," - ") -> - | AO377: 0 | AP377: =IF(AO377>AL377,"Rectification Required"," - ") -> - | AQ377: 0 | AR377: =IF(AQ377>AL377,"Rectification Required"," - ") -> - | AS377: 0 | AT377: =IF(AS377>AL377,"Rectification Required"," - ") -> -
A378: NH-65 | B378: 286400 | C378: 286500 | D378: =C378-B378 -> 100 | F378: 2500 | G378: 0 | H378: =630*G378^1.12 -> 0 | I378: =IF(H378>F378,"Rectification Required"," - ") -> - | J378: 0 | K378: =630*J378^1.12 -> 0 | L378: =IF(K378>F378,"Rectification Required"," - ") -> - | M378: 0 | N378: =630*M378^1.12 -> 0 | O378: =IF(N378>F378,"Rectification Required"," - ") -> - | P378: 0 | Q378: =630*P378^1.12 -> 0 | R378: =IF(Q378>F378,"Rectification Required"," - ") -> - | S378: 10 | T378: 0 | U378: =IF(T378>S378,"Rectification Required"," - ") -> - | V378: 0 | W378: =IF(V378>S378,"Rectification Required"," - ") -> - | X378: 0 | Y378: =IF(X378>S378,"Rectification Required"," - ") -> - | Z378: 0 | AA378: =IF(Z378>S378,"Rectification Required"," - ") -> - | AB378: 5 | AC378: 0 | AD378: =IF(AC378>AB378,"Rectification Required"," - ") -> - | AE378: 0 | AF378: =IF(AE378>AB378,"Rectification Required"," - ") -> - | AG378: 226 | AH378: 0 | AI378: =IF(AH378>AB378,"Rectification Required"," - ") -> - | AJ378: 0 | AK378: =IF(AJ378>AB378,"Rectification Required"," - ") -> - | AL378: 10 | AM378: 0 | AN378: =IF(AM378>AL378,"Rectification Required"," - ") -> - | AO378: 0 | AP378: =IF(AO378>AL378,"Rectification Required"," - ") -> - | AQ378: 0 | AR378: =IF(AQ378>AL378,"Rectification Required"," - ") -> - | AS378: 0 | AT378: =IF(AS378>AL378,"Rectification Required"," - ") -> -
A379: NH-65 | B379: 286500 | C379: 286600 | D379: =C379-B379 -> 100 | F379: 2500 | G379: 0 | H379: =630*G379^1.12 -> 0 | I379: =IF(H379>F379,"Rectification Required"," - ") -> - | J379: 0 | K379: =630*J379^1.12 -> 0 | L379: =IF(K379>F379,"Rectification Required"," - ") -> - | M379: 0 | N379: =630*M379^1.12 -> 0 | O379: =IF(N379>F379,"Rectification Required"," - ") -> - | P379: 0 | Q379: =630*P379^1.12 -> 0 | R379: =IF(Q379>F379,"Rectification Required"," - ") -> - | S379: 10 | T379: 0 | U379: =IF(T379>S379,"Rectification Required"," - ") -> - | V379: 0 | W379: =IF(V379>S379,"Rectification Required"," - ") -> - | X379: 0 | Y379: =IF(X379>S379,"Rectification Required"," - ") -> - | Z379: 0 | AA379: =IF(Z379>S379,"Rectification Required"," - ") -> - | AB379: 5 | AC379: 0 | AD379: =IF(AC379>AB379,"Rectification Required"," - ") -> - | AE379: 0 | AF379: =IF(AE379>AB379,"Rectification Required"," - ") -> - | AG379: 225 | AH379: 0 | AI379: =IF(AH379>AB379,"Rectification Required"," - ") -> - | AJ379: 0 | AK379: =IF(AJ379>AB379,"Rectification Required"," - ") -> - | AL379: 10 | AM379: 0 | AN379: =IF(AM379>AL379,"Rectification Required"," - ") -> - | AO379: 0 | AP379: =IF(AO379>AL379,"Rectification Required"," - ") -> - | AQ379: 0 | AR379: =IF(AQ379>AL379,"Rectification Required"," - ") -> - | AS379: 0 | AT379: =IF(AS379>AL379,"Rectification Required"," - ") -> -
A380: NH-65 | B380: 286600 | C380: 286700 | D380: =C380-B380 -> 100 | F380: 2500 | G380: 0 | H380: =630*G380^1.12 -> 0 | I380: =IF(H380>F380,"Rectification Required"," - ") -> - | J380: 0 | K380: =630*J380^1.12 -> 0 | L380: =IF(K380>F380,"Rectification Required"," - ") -> - | M380: 0 | N380: =630*M380^1.12 -> 0 | O380: =IF(N380>F380,"Rectification Required"," - ") -> - | P380: 0 | Q380: =630*P380^1.12 -> 0 | R380: =IF(Q380>F380,"Rectification Required"," - ") -> - | S380: 10 | T380: 0 | U380: =IF(T380>S380,"Rectification Required"," - ") -> - | V380: 0 | W380: =IF(V380>S380,"Rectification Required"," - ") -> - | X380: 0 | Y380: =IF(X380>S380,"Rectification Required"," - ") -> - | Z380: 0 | AA380: =IF(Z380>S380,"Rectification Required"," - ") -> - | AB380: 5 | AC380: 0 | AD380: =IF(AC380>AB380,"Rectification Required"," - ") -> - | AE380: 0 | AF380: =IF(AE380>AB380,"Rectification Required"," - ") -> - | AG380: 224 | AH380: 0 | AI380: =IF(AH380>AB380,"Rectification Required"," - ") -> - | AJ380: 0 | AK380: =IF(AJ380>AB380,"Rectification Required"," - ") -> - | AL380: 10 | AM380: 0 | AN380: =IF(AM380>AL380,"Rectification Required"," - ") -> - | AO380: 0 | AP380: =IF(AO380>AL380,"Rectification Required"," - ") -> - | AQ380: 0 | AR380: =IF(AQ380>AL380,"Rectification Required"," - ") -> - | AS380: 0 | AT380: =IF(AS380>AL380,"Rectification Required"," - ") -> -
A381: NH-65 | B381: 286700 | C381: 286800 | D381: =C381-B381 -> 100 | F381: 2500 | G381: 0 | H381: =630*G381^1.12 -> 0 | I381: =IF(H381>F381,"Rectification Required"," - ") -> - | J381: 0 | K381: =630*J381^1.12 -> 0 | L381: =IF(K381>F381,"Rectification Required"," - ") -> - | M381: 0 | N381: =630*M381^1.12 -> 0 | O381: =IF(N381>F381,"Rectification Required"," - ") -> - | P381: 0 | Q381: =630*P381^1.12 -> 0 | R381: =IF(Q381>F381,"Rectification Required"," - ") -> - | S381: 10 | T381: 0 | U381: =IF(T381>S381,"Rectification Required"," - ") -> - | V381: 0 | W381: =IF(V381>S381,"Rectification Required"," - ") -> - | X381: 0 | Y381: =IF(X381>S381,"Rectification Required"," - ") -> - | Z381: 0 | AA381: =IF(Z381>S381,"Rectification Required"," - ") -> - | AB381: 5 | AC381: 0 | AD381: =IF(AC381>AB381,"Rectification Required"," - ") -> - | AE381: 0 | AF381: =IF(AE381>AB381,"Rectification Required"," - ") -> - | AG381: 223 | AH381: 0 | AI381: =IF(AH381>AB381,"Rectification Required"," - ") -> - | AJ381: 0 | AK381: =IF(AJ381>AB381,"Rectification Required"," - ") -> - | AL381: 10 | AM381: 0 | AN381: =IF(AM381>AL381,"Rectification Required"," - ") -> - | AO381: 0 | AP381: =IF(AO381>AL381,"Rectification Required"," - ") -> - | AQ381: 0 | AR381: =IF(AQ381>AL381,"Rectification Required"," - ") -> - | AS381: 0 | AT381: =IF(AS381>AL381,"Rectification Required"," - ") -> -
A382: NH-65 | B382: 286800 | C382: 286900 | D382: =C382-B382 -> 100 | F382: 2500 | G382: 0 | H382: =630*G382^1.12 -> 0 | I382: =IF(H382>F382,"Rectification Required"," - ") -> - | J382: 0 | K382: =630*J382^1.12 -> 0 | L382: =IF(K382>F382,"Rectification Required"," - ") -> - | M382: 0 | N382: =630*M382^1.12 -> 0 | O382: =IF(N382>F382,"Rectification Required"," - ") -> - | P382: 0 | Q382: =630*P382^1.12 -> 0 | R382: =IF(Q382>F382,"Rectification Required"," - ") -> - | S382: 10 | T382: 0 | U382: =IF(T382>S382,"Rectification Required"," - ") -> - | V382: 0 | W382: =IF(V382>S382,"Rectification Required"," - ") -> - | X382: 0 | Y382: =IF(X382>S382,"Rectification Required"," - ") -> - | Z382: 0 | AA382: =IF(Z382>S382,"Rectification Required"," - ") -> - | AB382: 5 | AC382: 0 | AD382: =IF(AC382>AB382,"Rectification Required"," - ") -> - | AE382: 0 | AF382: =IF(AE382>AB382,"Rectification Required"," - ") -> - | AG382: 222 | AH382: 0 | AI382: =IF(AH382>AB382,"Rectification Required"," - ") -> - | AJ382: 0 | AK382: =IF(AJ382>AB382,"Rectification Required"," - ") -> - | AL382: 10 | AM382: 0 | AN382: =IF(AM382>AL382,"Rectification Required"," - ") -> - | AO382: 0 | AP382: =IF(AO382>AL382,"Rectification Required"," - ") -> - | AQ382: 0 | AR382: =IF(AQ382>AL382,"Rectification Required"," - ") -> - | AS382: 0 | AT382: =IF(AS382>AL382,"Rectification Required"," - ") -> -
A383: NH-65 | B383: 286900 | C383: 287000 | D383: =C383-B383 -> 100 | F383: 2500 | G383: 0 | H383: =630*G383^1.12 -> 0 | I383: =IF(H383>F383,"Rectification Required"," - ") -> - | J383: 0 | K383: =630*J383^1.12 -> 0 | L383: =IF(K383>F383,"Rectification Required"," - ") -> - | M383: 0 | N383: =630*M383^1.12 -> 0 | O383: =IF(N383>F383,"Rectification Required"," - ") -> - | P383: 0 | Q383: =630*P383^1.12 -> 0 | R383: =IF(Q383>F383,"Rectification Required"," - ") -> - | S383: 10 | T383: 0 | U383: =IF(T383>S383,"Rectification Required"," - ") -> - | V383: 0 | W383: =IF(V383>S383,"Rectification Required"," - ") -> - | X383: 0 | Y383: =IF(X383>S383,"Rectification Required"," - ") -> - | Z383: 0 | AA383: =IF(Z383>S383,"Rectification Required"," - ") -> - | AB383: 5 | AC383: 0 | AD383: =IF(AC383>AB383,"Rectification Required"," - ") -> - | AE383: 0 | AF383: =IF(AE383>AB383,"Rectification Required"," - ") -> - | AG383: 221 | AH383: 0 | AI383: =IF(AH383>AB383,"Rectification Required"," - ") -> - | AJ383: 0 | AK383: =IF(AJ383>AB383,"Rectification Required"," - ") -> - | AL383: 10 | AM383: 0 | AN383: =IF(AM383>AL383,"Rectification Required"," - ") -> - | AO383: 0 | AP383: =IF(AO383>AL383,"Rectification Required"," - ") -> - | AQ383: 0 | AR383: =IF(AQ383>AL383,"Rectification Required"," - ") -> - | AS383: 0 | AT383: =IF(AS383>AL383,"Rectification Required"," - ") -> -
A384: NH-65 | B384: 287000 | C384: 287100 | D384: =C384-B384 -> 100 | F384: 2500 | G384: 0 | H384: =630*G384^1.12 -> 0 | I384: =IF(H384>F384,"Rectification Required"," - ") -> - | J384: 0 | K384: =630*J384^1.12 -> 0 | L384: =IF(K384>F384,"Rectification Required"," - ") -> - | M384: 0 | N384: =630*M384^1.12 -> 0 | O384: =IF(N384>F384,"Rectification Required"," - ") -> - | P384: 0 | Q384: =630*P384^1.12 -> 0 | R384: =IF(Q384>F384,"Rectification Required"," - ") -> - | S384: 10 | T384: 0 | U384: =IF(T384>S384,"Rectification Required"," - ") -> - | V384: 0 | W384: =IF(V384>S384,"Rectification Required"," - ") -> - | X384: 0 | Y384: =IF(X384>S384,"Rectification Required"," - ") -> - | Z384: 0 | AA384: =IF(Z384>S384,"Rectification Required"," - ") -> - | AB384: 5 | AC384: 0 | AD384: =IF(AC384>AB384,"Rectification Required"," - ") -> - | AE384: 0 | AF384: =IF(AE384>AB384,"Rectification Required"," - ") -> - | AG384: 220 | AH384: 0 | AI384: =IF(AH384>AB384,"Rectification Required"," - ") -> - | AJ384: 0 | AK384: =IF(AJ384>AB384,"Rectification Required"," - ") -> - | AL384: 10 | AM384: 0 | AN384: =IF(AM384>AL384,"Rectification Required"," - ") -> - | AO384: 0 | AP384: =IF(AO384>AL384,"Rectification Required"," - ") -> - | AQ384: 0 | AR384: =IF(AQ384>AL384,"Rectification Required"," - ") -> - | AS384: 0 | AT384: =IF(AS384>AL384,"Rectification Required"," - ") -> -
A385: NH-65 | B385: 287100 | C385: 287200 | D385: =C385-B385 -> 100 | F385: 2500 | G385: 0 | H385: =630*G385^1.12 -> 0 | I385: =IF(H385>F385,"Rectification Required"," - ") -> - | J385: 0 | K385: =630*J385^1.12 -> 0 | L385: =IF(K385>F385,"Rectification Required"," - ") -> - | M385: 0 | N385: =630*M385^1.12 -> 0 | O385: =IF(N385>F385,"Rectification Required"," - ") -> - | P385: 0 | Q385: =630*P385^1.12 -> 0 | R385: =IF(Q385>F385,"Rectification Required"," - ") -> - | S385: 10 | T385: 0 | U385: =IF(T385>S385,"Rectification Required"," - ") -> - | V385: 0 | W385: =IF(V385>S385,"Rectification Required"," - ") -> - | X385: 0 | Y385: =IF(X385>S385,"Rectification Required"," - ") -> - | Z385: 0 | AA385: =IF(Z385>S385,"Rectification Required"," - ") -> - | AB385: 5 | AC385: 0 | AD385: =IF(AC385>AB385,"Rectification Required"," - ") -> - | AE385: 0 | AF385: =IF(AE385>AB385,"Rectification Required"," - ") -> - | AG385: 219 | AH385: 0 | AI385: =IF(AH385>AB385,"Rectification Required"," - ") -> - | AJ385: 0 | AK385: =IF(AJ385>AB385,"Rectification Required"," - ") -> - | AL385: 10 | AM385: 0 | AN385: =IF(AM385>AL385,"Rectification Required"," - ") -> - | AO385: 0 | AP385: =IF(AO385>AL385,"Rectification Required"," - ") -> - | AQ385: 0 | AR385: =IF(AQ385>AL385,"Rectification Required"," - ") -> - | AS385: 0 | AT385: =IF(AS385>AL385,"Rectification Required"," - ") -> -
A386: NH-65 | B386: 287200 | C386: 287300 | D386: =C386-B386 -> 100 | F386: 2500 | G386: 0 | H386: =630*G386^1.12 -> 0 | I386: =IF(H386>F386,"Rectification Required"," - ") -> - | J386: 0 | K386: =630*J386^1.12 -> 0 | L386: =IF(K386>F386,"Rectification Required"," - ") -> - | M386: 3.715 | N386: =630*M386^1.12 -> 2739.6458 | O386: =IF(N386>F386,"Rectification Required"," - ") -> Rectification Required | P386: 2.385 | Q386: =630*P386^1.12 -> 1667.7369 | R386: =IF(Q386>F386,"Rectification Required"," - ") -> - | S386: 10 | T386: 0 | U386: =IF(T386>S386,"Rectification Required"," - ") -> - | V386: 0 | W386: =IF(V386>S386,"Rectification Required"," - ") -> - | X386: 4.05 | Y386: =IF(X386>S386,"Rectification Required"," - ") -> - | Z386: 3.7 | AA386: =IF(Z386>S386,"Rectification Required"," - ") -> - | AB386: 5 | AC386: 0 | AD386: =IF(AC386>AB386,"Rectification Required"," - ") -> - | AE386: 0 | AF386: =IF(AE386>AB386,"Rectification Required"," - ") -> - | AG386: 218 | AH386: 2.680726 | AI386: =IF(AH386>AB386,"Rectification Required"," - ") -> - | AJ386: 1.0091017 | AK386: =IF(AJ386>AB386,"Rectification Required"," - ") -> - | AL386: 10 | AM386: 0 | AN386: =IF(AM386>AL386,"Rectification Required"," - ") -> - | AO386: 0 | AP386: =IF(AO386>AL386,"Rectification Required"," - ") -> - | AQ386: 21.934 | AR386: =IF(AQ386>AL386,"Rectification Required"," - ") -> Rectification Required | AS386: 28.871 | AT386: =IF(AS386>AL386,"Rectification Required"," - ") -> Rectification Required
A387: NH-65 | B387: 287300 | C387: 287400 | D387: =C387-B387 -> 100 | F387: 2500 | G387: 2.35 | H387: =630*G387^1.12 -> 1640.3501 | I387: =IF(H387>F387,"Rectification Required"," - ") -> - | J387: 3.42 | K387: =630*J387^1.12 -> 2497.1797 | L387: =IF(K387>F387,"Rectification Required"," - ") -> - | M387: 1.535 | N387: =630*M387^1.12 -> 1018.0801 | O387: =IF(N387>F387,"Rectification Required"," - ") -> - | P387: 1.655 | Q387: =630*P387^1.12 -> 1107.629 | R387: =IF(Q387>F387,"Rectification Required"," - ") -> - | S387: 10 | T387: 7.3 | U387: =IF(T387>S387,"Rectification Required"," - ") -> - | V387: 14.15 | W387: =IF(V387>S387,"Rectification Required"," - ") -> Rectification Required | X387: 8.2 | Y387: =IF(X387>S387,"Rectification Required"," - ") -> - | Z387: 7.45 | AA387: =IF(Z387>S387,"Rectification Required"," - ") -> - | AB387: 5 | AC387: 0.001714 | AD387: =IF(AC387>AB387,"Rectification Required"," - ") -> - | AE387: 0.0064554286 | AF387: =IF(AE387>AB387,"Rectification Required"," - ") -> - | AG387: 217 | AH387: 0.0013251429 | AI387: =IF(AH387>AB387,"Rectification Required"," - ") -> - | AJ387: 0.0037985714 | AK387: =IF(AJ387>AB387,"Rectification Required"," - ") -> - | AL387: 10 | AM387: 15.529 | AN387: =IF(AM387>AL387,"Rectification Required"," - ") -> Rectification Required | AO387: 25.46 | AP387: =IF(AO387>AL387,"Rectification Required"," - ") -> Rectification Required | AQ387: 24.848 | AR387: =IF(AQ387>AL387,"Rectification Required"," - ") -> Rectification Required | AS387: 34.145 | AT387: =IF(AS387>AL387,"Rectification Required"," - ") -> Rectification Required
... A394: NH-65 | B394: 288000 | C394: 288100 | D394: =C394-B394 -> 100 | F394: 2500 | G394: 2.99 | H394: =630*G394^1.12 -> 2148.2869 | I394: =IF(H394>F394,"Rectification Required"," - ") -> - | J394: 3.825 | K394: =630*J394^1.12 -> 2830.6604 | L394: =IF(K394>F394,"Rectification Required"," - ") -> Rectification Required | M394: 5.125 | N394: =630*M394^1.12 -> 3928.237 | O394: =IF(N394>F394,"Rectification Required"," - ") -> Rectification Required | P394: 4.505 | Q394: =630*P394^1.12 -> 3399.9985 | R394: =IF(Q394>F394,"Rectification Required"," - ") -> Rectification Required | S394: 10 | T394: 7.5 | U394: =IF(T394>S394,"Rectification Required"," - ") -> - | V394: 2.8 | W394: =IF(V394>S394,"Rectification Required"," - ") -> - | X394: 15.3 | Y394: =IF(X394>S394,"Rectification Required"," - ") -> Rectification Required | Z394: 11.65 | AA394: =IF(Z394>S394,"Rectification Required"," - ") -> Rectification Required | AB394: 5 | AC394: 0.62387429 | AD394: =IF(AC394>AB394,"Rectification Required"," - ") -> - | AE394: 0 | AF394: =IF(AE394>AB394,"Rectification Required"," - ") -> - | AG394: 210 | AH394: 0.0027148571 | AI394: =IF(AH394>AB394,"Rectification Required"," - ") -> - | AJ394: 2.5874606 | AK394: =IF(AJ394>AB394,"Rectification Required"," - ") -> - | AL394: 10 | AM394: 41.934 | AN394: =IF(AM394>AL394,"Rectification Required"," - ") -> Rectification Required | AO394: 37.321 | AP394: =IF(AO394>AL394,"Rectification Required"," - ") -> Rectification Required | AQ394: 23.462 | AR394: =IF(AQ394>AL394,"Rectification Required"," - ") -> Rectification Required | AS394: 25.422 | AT394: =IF(AS394>AL394,"Rectification Required"," - ") -> Rectification Required
A395: NH-65 | B395: 288100 | C395: 288200 | D395: =C395-B395 -> 100 | F395: 2500 | G395: 3.83 | H395: =630*G395^1.12 -> 2834.8049 | I395: =IF(H395>F395,"Rectification Required"," - ") -> Rectification Required | J395: 4.07 | K395: =630*J395^1.12 -> 3034.494 | L395: =IF(K395>F395,"Rectification Required"," - ") -> Rectification Required | M395: UC | N395: =630*M395^1.12 -> #VALUE! | O395: =IF(N395>F395,"Rectification Required"," - ") -> #VALUE! | P395: UC | Q395: =630*P395^1.12 -> #VALUE! | R395: =IF(Q395>F395,"Rectification Required"," - ") -> #VALUE! | S395: 10 | T395: 5.35 | U395: =IF(T395>S395,"Rectification Required"," - ") -> - | V395: 5.35 | W395: =IF(V395>S395,"Rectification Required"," - ") -> - | X395: 0 | Y395: =IF(X395>S395,"Rectification Required"," - ") -> - | Z395: 0 | AA395: =IF(Z395>S395,"Rectification Required"," - ") -> - | AB395: 5 | AC395: 2.3135834 | AD395: =IF(AC395>AB395,"Rectification Required"," - ") -> - | AE395: 4.2638189 | AF395: =IF(AE395>AB395,"Rectification Required"," - ") -> - | AG395: 209 | AH395: 0 | AI395: =IF(AH395>AB395,"Rectification Required"," - ") -> - | AJ395: 0 | AK395: =IF(AJ395>AB395,"Rectification Required"," - ") -> - | AL395: 10 | AM395: 31.859 | AN395: =IF(AM395>AL395,"Rectification Required"," - ") -> Rectification Required | AO395: 23.027 | AP395: =IF(AO395>AL395,"Rectification Required"," - ") -> Rectification Required | AQ395: 25.699 | AR395: =IF(AQ395>AL395,"Rectification Required"," - ") -> Rectification Required | AS395: 19.825 | AT395: =IF(AS395>AL395,"Rectification Required"," - ") -> Rectification Required
A396: NH-65 | B396: 288200 | C396: 288300 | D396: =C396-B396 -> 100 | F396: 2500 | G396: 0 | H396: =630*G396^1.12 -> 0 | I396: =IF(H396>F396,"Rectification Required"," - ") -> - | J396: 0 | K396: =630*J396^1.12 -> 0 | L396: =IF(K396>F396,"Rectification Required"," - ") -> - | M396: 0 | N396: =630*M396^1.12 -> 0 | O396: =IF(N396>F396,"Rectification Required"," - ") -> - | P396: 0 | Q396: =630*P396^1.12 -> 0 | R396: =IF(Q396>F396,"Rectification Required"," - ") -> - | S396: 10 | T396: 0 | U396: =IF(T396>S396,"Rectification Required"," - ") -> - | V396: 0 | W396: =IF(V396>S396,"Rectification Required"," - ") -> - | X396: 0 | Y396: =IF(X396>S396,"Rectification Required"," - ") -> - | Z396: 0 | AA396: =IF(Z396>S396,"Rectification Required"," - ") -> - | AB396: 5 | AC396: 0 | AD396: =IF(AC396>AB396,"Rectification Required"," - ") -> - | AE396: 0 | AF396: =IF(AE396>AB396,"Rectification Required"," - ") -> - | AG396: 208 | AH396: 0 | AI396: =IF(AH396>AB396,"Rectification Required"," - ") -> - | AJ396: 0 | AK396: =IF(AJ396>AB396,"Rectification Required"," - ") -> - | AL396: 10 | AM396: 0 | AN396: =IF(AM396>AL396,"Rectification Required"," - ") -> - | AO396: 0 | AP396: =IF(AO396>AL396,"Rectification Required"," - ") -> - | AQ396: 0 | AR396: =IF(AQ396>AL396,"Rectification Required"," - ") -> - | AS396: 0 | AT396: =IF(AS396>AL396,"Rectification Required"," - ") -> -
A397: NH-65 | B397: 288300 | C397: 288400 | D397: =C397-B397 -> 100 | F397: 2500 | G397: 0 | H397: =630*G397^1.12 -> 0 | I397: =IF(H397>F397,"Rectification Required"," - ") -> - | J397: 0 | K397: =630*J397^1.12 -> 0 | L397: =IF(K397>F397,"Rectification Required"," - ") -> - | M397: 0 | N397: =630*M397^1.12 -> 0 | O397: =IF(N397>F397,"Rectification Required"," - ") -> - | P397: 0 | Q397: =630*P397^1.12 -> 0 | R397: =IF(Q397>F397,"Rectification Required"," - ") -> - | S397: 10 | T397: 0 | U397: =IF(T397>S397,"Rectification Required"," - ") -> - | V397: 0 | W397: =IF(V397>S397,"Rectification Required"," - ") -> - | X397: 0 | Y397: =IF(X397>S397,"Rectification Required"," - ") -> - | Z397: 0 | AA397: =IF(Z397>S397,"Rectification Required"," - ") -> - | AB397: 5 | AC397: 0 | AD397: =IF(AC397>AB397,"Rectification Required"," - ") -> - | AE397: 0 | AF397: =IF(AE397>AB397,"Rectification Required"," - ") -> - | AG397: 207 | AH397: 0 | AI397: =IF(AH397>AB397,"Rectification Required"," - ") -> - | AJ397: 0 | AK397: =IF(AJ397>AB397,"Rectification Required"," - ") -> - | AL397: 10 | AM397: 0 | AN397: =IF(AM397>AL397,"Rectification Required"," - ") -> - | AO397: 0 | AP397: =IF(AO397>AL397,"Rectification Required"," - ") -> - | AQ397: 0 | AR397: =IF(AQ397>AL397,"Rectification Required"," - ") -> - | AS397: 0 | AT397: =IF(AS397>AL397,"Rectification Required"," - ") -> -
A398: NH-65 | B398: 288400 | C398: 288500 | D398: =C398-B398 -> 100 | F398: 2500 | G398: 0 | H398: =630*G398^1.12 -> 0 | I398: =IF(H398>F398,"Rectification Required"," - ") -> - | J398: 0 | K398: =630*J398^1.12 -> 0 | L398: =IF(K398>F398,"Rectification Required"," - ") -> - | M398: 0 | N398: =630*M398^1.12 -> 0 | O398: =IF(N398>F398,"Rectification Required"," - ") -> - | P398: 0 | Q398: =630*P398^1.12 -> 0 | R398: =IF(Q398>F398,"Rectification Required"," - ") -> - | S398: 10 | T398: 0 | U398: =IF(T398>S398,"Rectification Required"," - ") -> - | V398: 0 | W398: =IF(V398>S398,"Rectification Required"," - ") -> - | X398: 0 | Y398: =IF(X398>S398,"Rectification Required"," - ") -> - | Z398: 0 | AA398: =IF(Z398>S398,"Rectification Required"," - ") -> - | AB398: 5 | AC398: 0 | AD398: =IF(AC398>AB398,"Rectification Required"," - ") -> - | AE398: 0 | AF398: =IF(AE398>AB398,"Rectification Required"," - ") -> - | AG398: 206 | AH398: 0 | AI398: =IF(AH398>AB398,"Rectification Required"," - ") -> - | AJ398: 0 | AK398: =IF(AJ398>AB398,"Rectification Required"," - ") -> - | AL398: 10 | AM398: 0 | AN398: =IF(AM398>AL398,"Rectification Required"," - ") -> - | AO398: 0 | AP398: =IF(AO398>AL398,"Rectification Required"," - ") -> - | AQ398: 0 | AR398: =IF(AQ398>AL398,"Rectification Required"," - ") -> - | AS398: 0 | AT398: =IF(AS398>AL398,"Rectification Required"," - ") -> -
A399: NH-65 | B399: 288500 | C399: 288600 | D399: =C399-B399 -> 100 | F399: 2500 | G399: 0 | H399: =630*G399^1.12 -> 0 | I399: =IF(H399>F399,"Rectification Required"," - ") -> - | J399: 0 | K399: =630*J399^1.12 -> 0 | L399: =IF(K399>F399,"Rectification Required"," - ") -> - | M399: 0 | N399: =630*M399^1.12 -> 0 | O399: =IF(N399>F399,"Rectification Required"," - ") -> - | P399: 0 | Q399: =630*P399^1.12 -> 0 | R399: =IF(Q399>F399,"Rectification Required"," - ") -> - | S399: 10 | T399: 0 | U399: =IF(T399>S399,"Rectification Required"," - ") -> - | V399: 0 | W399: =IF(V399>S399,"Rectification Required"," - ") -> - | X399: 0 | Y399: =IF(X399>S399,"Rectification Required"," - ") -> - | Z399: 0 | AA399: =IF(Z399>S399,"Rectification Required"," - ") -> - | AB399: 5 | AC399: 0 | AD399: =IF(AC399>AB399,"Rectification Required"," - ") -> - | AE399: 0 | AF399: =IF(AE399>AB399,"Rectification Required"," - ") -> - | AG399: 205 | AH399: 0 | AI399: =IF(AH399>AB399,"Rectification Required"," - ") -> - | AJ399: 0 | AK399: =IF(AJ399>AB399,"Rectification Required"," - ") -> - | AL399: 10 | AM399: 0 | AN399: =IF(AM399>AL399,"Rectification Required"," - ") -> - | AO399: 0 | AP399: =IF(AO399>AL399,"Rectification Required"," - ") -> - | AQ399: 0 | AR399: =IF(AQ399>AL399,"Rectification Required"," - ") -> - | AS399: 0 | AT399: =IF(AS399>AL399,"Rectification Required"," - ") -> -
A400: NH-65 | B400: 288600 | C400: 288700 | D400: =C400-B400 -> 100 | F400: 2500 | G400: 0 | H400: =630*G400^1.12 -> 0 | I400: =IF(H400>F400,"Rectification Required"," - ") -> - | J400: 0 | K400: =630*J400^1.12 -> 0 | L400: =IF(K400>F400,"Rectification Required"," - ") -> - | M400: 0 | N400: =630*M400^1.12 -> 0 | O400: =IF(N400>F400,"Rectification Required"," - ") -> - | P400: 0 | Q400: =630*P400^1.12 -> 0 | R400: =IF(Q400>F400,"Rectification Required"," - ") -> - | S400: 10 | T400: 0 | U400: =IF(T400>S400,"Rectification Required"," - ") -> - | V400: 0 | W400: =IF(V400>S400,"Rectification Required"," - ") -> - | X400: 0 | Y400: =IF(X400>S400,"Rectification Required"," - ") -> - | Z400: 0 | AA400: =IF(Z400>S400,"Rectification Required"," - ") -> - | AB400: 5 | AC400: 0 | AD400: =IF(AC400>AB400,"Rectification Required"," - ") -> - | AE400: 0 | AF400: =IF(AE400>AB400,"Rectification Required"," - ") -> - | AG400: 204 | AH400: 0 | AI400: =IF(AH400>AB400,"Rectification Required"," - ") -> - | AJ400: 0 | AK400: =IF(AJ400>AB400,"Rectification Required"," - ") -> - | AL400: 10 | AM400: 0 | AN400: =IF(AM400>AL400,"Rectification Required"," - ") -> - | AO400: 0 | AP400: =IF(AO400>AL400,"Rectification Required"," - ") -> - | AQ400: 0 | AR400: =IF(AQ400>AL400,"Rectification Required"," - ") -> - | AS400: 0 | AT400: =IF(AS400>AL400,"Rectification Required"," - ") -> -
A401: NH-65 | B401: 288700 | C401: 288800 | D401: =C401-B401 -> 100 | F401: 2500 | G401: 0 | H401: =630*G401^1.12 -> 0 | I401: =IF(H401>F401,"Rectification Required"," - ") -> - | J401: 0 | K401: =630*J401^1.12 -> 0 | L401: =IF(K401>F401,"Rectification Required"," - ") -> - | M401: 0 | N401: =630*M401^1.12 -> 0 | O401: =IF(N401>F401,"Rectification Required"," - ") -> - | P401: 0 | Q401: =630*P401^1.12 -> 0 | R401: =IF(Q401>F401,"Rectification Required"," - ") -> - | S401: 10 | T401: 0 | U401: =IF(T401>S401,"Rectification Required"," - ") -> - | V401: 0 | W401: =IF(V401>S401,"Rectification Required"," - ") -> - | X401: 0 | Y401: =IF(X401>S401,"Rectification Required"," - ") -> - | Z401: 0 | AA401: =IF(Z401>S401,"Rectification Required"," - ") -> - | AB401: 5 | AC401: 0 | AD401: =IF(AC401>AB401,"Rectification Required"," - ") -> - | AE401: 0 | AF401: =IF(AE401>AB401,"Rectification Required"," - ") -> - | AG401: 203 | AH401: 0 | AI401: =IF(AH401>AB401,"Rectification Required"," - ") -> - | AJ401: 0 | AK401: =IF(AJ401>AB401,"Rectification Required"," - ") -> - | AL401: 10 | AM401: 0 | AN401: =IF(AM401>AL401,"Rectification Required"," - ") -> - | AO401: 0 | AP401: =IF(AO401>AL401,"Rectification Required"," - ") -> - | AQ401: 0 | AR401: =IF(AQ401>AL401,"Rectification Required"," - ") -> - | AS401: 0 | AT401: =IF(AS401>AL401,"Rectification Required"," - ") -> -
A402: NH-65 | B402: 288800 | C402: 288900 | D402: =C402-B402 -> 100 | F402: 2500 | G402: 0 | H402: =630*G402^1.12 -> 0 | I402: =IF(H402>F402,"Rectification Required"," - ") -> - | J402: 0 | K402: =630*J402^1.12 -> 0 | L402: =IF(K402>F402,"Rectification Required"," - ") -> - | M402: 0 | N402: =630*M402^1.12 -> 0 | O402: =IF(N402>F402,"Rectification Required"," - ") -> - | P402: 0 | Q402: =630*P402^1.12 -> 0 | R402: =IF(Q402>F402,"Rectification Required"," - ") -> - | S402: 10 | T402: 0 | U402: =IF(T402>S402,"Rectification Required"," - ") -> - | V402: 0 | W402: =IF(V402>S402,"Rectification Required"," - ") -> - | X402: 0 | Y402: =IF(X402>S402,"Rectification Required"," - ") -> - | Z402: 0 | AA402: =IF(Z402>S402,"Rectification Required"," - ") -> - | AB402: 5 | AC402: 0 | AD402: =IF(AC402>AB402,"Rectification Required"," - ") -> - | AE402: 0 | AF402: =IF(AE402>AB402,"Rectification Required"," - ") -> - | AG402: 202 | AH402: 0 | AI402: =IF(AH402>AB402,"Rectification Required"," - ") -> - | AJ402: 0 | AK402: =IF(AJ402>AB402,"Rectification Required"," - ") -> - | AL402: 10 | AM402: 0 | AN402: =IF(AM402>AL402,"Rectification Required"," - ") -> - | AO402: 0 | AP402: =IF(AO402>AL402,"Rectification Required"," - ") -> - | AQ402: 0 | AR402: =IF(AQ402>AL402,"Rectification Required"," - ") -> - | AS402: 0 | AT402: =IF(AS402>AL402,"Rectification Required"," - ") -> -
A403: NH-65 | B403: 288900 | C403: 289000 | D403: =C403-B403 -> 100 | F403: 2500 | G403: 0 | H403: =630*G403^1.12 -> 0 | I403: =IF(H403>F403,"Rectification Required"," - ") -> - | J403: 0 | K403: =630*J403^1.12 -> 0 | L403: =IF(K403>F403,"Rectification Required"," - ") -> - | M403: 0 | N403: =630*M403^1.12 -> 0 | O403: =IF(N403>F403,"Rectification Required"," - ") -> - | P403: 0 | Q403: =630*P403^1.12 -> 0 | R403: =IF(Q403>F403,"Rectification Required"," - ") -> - | S403: 10 | T403: 0 | U403: =IF(T403>S403,"Rectification Required"," - ") -> - | V403: 0 | W403: =IF(V403>S403,"Rectification Required"," - ") -> - | X403: 0 | Y403: =IF(X403>S403,"Rectification Required"," - ") -> - | Z403: 0 | AA403: =IF(Z403>S403,"Rectification Required"," - ") -> - | AB403: 5 | AC403: 0 | AD403: =IF(AC403>AB403,"Rectification Required"," - ") -> - | AE403: 0 | AF403: =IF(AE403>AB403,"Rectification Required"," - ") -> - | AG403: 201 | AH403: 0 | AI403: =IF(AH403>AB403,"Rectification Required"," - ") -> - | AJ403: 0 | AK403: =IF(AJ403>AB403,"Rectification Required"," - ") -> - | AL403: 10 | AM403: 0 | AN403: =IF(AM403>AL403,"Rectification Required"," - ") -> - | AO403: 0 | AP403: =IF(AO403>AL403,"Rectification Required"," - ") -> - | AQ403: 0 | AR403: =IF(AQ403>AL403,"Rectification Required"," - ") -> - | AS403: 0 | AT403: =IF(AS403>AL403,"Rectification Required"," - ") -> -
A404: NH-65 | B404: 289000 | C404: 289100 | D404: =C404-B404 -> 100 | F404: 2500 | G404: 0 | H404: =630*G404^1.12 -> 0 | I404: =IF(H404>F404,"Rectification Required"," - ") -> - | J404: 0 | K404: =630*J404^1.12 -> 0 | L404: =IF(K404>F404,"Rectification Required"," - ") -> - | M404: 0 | N404: =630*M404^1.12 -> 0 | O404: =IF(N404>F404,"Rectification Required"," - ") -> - | P404: 0 | Q404: =630*P404^1.12 -> 0 | R404: =IF(Q404>F404,"Rectification Required"," - ") -> - | S404: 10 | T404: 0 | U404: =IF(T404>S404,"Rectification Required"," - ") -> - | V404: 0 | W404: =IF(V404>S404,"Rectification Required"," - ") -> - | X404: 0 | Y404: =IF(X404>S404,"Rectification Required"," - ") -> - | Z404: 0 | AA404: =IF(Z404>S404,"Rectification Required"," - ") -> - | AB404: 5 | AC404: 0 | AD404: =IF(AC404>AB404,"Rectification Required"," - ") -> - | AE404: 0 | AF404: =IF(AE404>AB404,"Rectification Required"," - ") -> - | AG404: 200 | AH404: 0 | AI404: =IF(AH404>AB404,"Rectification Required"," - ") -> - | AJ404: 0 | AK404: =IF(AJ404>AB404,"Rectification Required"," - ") -> - | AL404: 10 | AM404: 0 | AN404: =IF(AM404>AL404,"Rectification Required"," - ") -> - | AO404: 0 | AP404: =IF(AO404>AL404,"Rectification Required"," - ") -> - | AQ404: 0 | AR404: =IF(AQ404>AL404,"Rectification Required"," - ") -> - | AS404: 0 | AT404: =IF(AS404>AL404,"Rectification Required"," - ") -> -
A405: NH-65 | B405: 289100 | C405: 289200 | D405: =C405-B405 -> 100 | F405: 2500 | G405: 0 | H405: =630*G405^1.12 -> 0 | I405: =IF(H405>F405,"Rectification Required"," - ") -> - | J405: 0 | K405: =630*J405^1.12 -> 0 | L405: =IF(K405>F405,"Rectification Required"," - ") -> - | M405: 0 | N405: =630*M405^1.12 -> 0 | O405: =IF(N405>F405,"Rectification Required"," - ") -> - | P405: 0 | Q405: =630*P405^1.12 -> 0 | R405: =IF(Q405>F405,"Rectification Required"," - ") -> - | S405: 10 | T405: 0 | U405: =IF(T405>S405,"Rectification Required"," - ") -> - | V405: 0 | W405: =IF(V405>S405,"Rectification Required"," - ") -> - | X405: 0 | Y405: =IF(X405>S405,"Rectification Required"," - ") -> - | Z405: 0 | AA405: =IF(Z405>S405,"Rectification Required"," - ") -> - | AB405: 5 | AC405: 0 | AD405: =IF(AC405>AB405,"Rectification Required"," - ") -> - | AE405: 0 | AF405: =IF(AE405>AB405,"Rectification Required"," - ") -> - | AG405: 199 | AH405: 0 | AI405: =IF(AH405>AB405,"Rectification Required"," - ") -> - | AJ405: 0 | AK405: =IF(AJ405>AB405,"Rectification Required"," - ") -> - | AL405: 10 | AM405: 0 | AN405: =IF(AM405>AL405,"Rectification Required"," - ") -> - | AO405: 0 | AP405: =IF(AO405>AL405,"Rectification Required"," - ") -> - | AQ405: 0 | AR405: =IF(AQ405>AL405,"Rectification Required"," - ") -> - | AS405: 0 | AT405: =IF(AS405>AL405,"Rectification Required"," - ") -> -
A406: NH-65 | B406: 289200 | C406: 289300 | D406: =C406-B406 -> 100 | F406: 2500 | G406: 0 | H406: =630*G406^1.12 -> 0 | I406: =IF(H406>F406,"Rectification Required"," - ") -> - | J406: 0 | K406: =630*J406^1.12 -> 0 | L406: =IF(K406>F406,"Rectification Required"," - ") -> - | M406: 0 | N406: =630*M406^1.12 -> 0 | O406: =IF(N406>F406,"Rectification Required"," - ") -> - | P406: 0 | Q406: =630*P406^1.12 -> 0 | R406: =IF(Q406>F406,"Rectification Required"," - ") -> - | S406: 10 | T406: 0 | U406: =IF(T406>S406,"Rectification Required"," - ") -> - | V406: 0 | W406: =IF(V406>S406,"Rectification Required"," - ") -> - | X406: 0 | Y406: =IF(X406>S406,"Rectification Required"," - ") -> - | Z406: 0 | AA406: =IF(Z406>S406,"Rectification Required"," - ") -> - | AB406: 5 | AC406: 0 | AD406: =IF(AC406>AB406,"Rectification Required"," - ") -> - | AE406: 0 | AF406: =IF(AE406>AB406,"Rectification Required"," - ") -> - | AG406: 198 | AH406: 0 | AI406: =IF(AH406>AB406,"Rectification Required"," - ") -> - | AJ406: 0 | AK406: =IF(AJ406>AB406,"Rectification Required"," - ") -> - | AL406: 10 | AM406: 0 | AN406: =IF(AM406>AL406,"Rectification Required"," - ") -> - | AO406: 0 | AP406: =IF(AO406>AL406,"Rectification Required"," - ") -> - | AQ406: 0 | AR406: =IF(AQ406>AL406,"Rectification Required"," - ") -> - | AS406: 0 | AT406: =IF(AS406>AL406,"Rectification Required"," - ") -> -
A407: NH-65 | B407: 289300 | C407: 289400 | D407: =C407-B407 -> 100 | F407: 2500 | G407: 0 | H407: =630*G407^1.12 -> 0 | I407: =IF(H407>F407,"Rectification Required"," - ") -> - | J407: 0 | K407: =630*J407^1.12 -> 0 | L407: =IF(K407>F407,"Rectification Required"," - ") -> - | M407: 0 | N407: =630*M407^1.12 -> 0 | O407: =IF(N407>F407,"Rectification Required"," - ") -> - | P407: 0 | Q407: =630*P407^1.12 -> 0 | R407: =IF(Q407>F407,"Rectification Required"," - ") -> - | S407: 10 | T407: 0 | U407: =IF(T407>S407,"Rectification Required"," - ") -> - | V407: 0 | W407: =IF(V407>S407,"Rectification Required"," - ") -> - | X407: 0 | Y407: =IF(X407>S407,"Rectification Required"," - ") -> - | Z407: 0 | AA407: =IF(Z407>S407,"Rectification Required"," - ") -> - | AB407: 5 | AC407: 0 | AD407: =IF(AC407>AB407,"Rectification Required"," - ") -> - | AE407: 0 | AF407: =IF(AE407>AB407,"Rectification Required"," - ") -> - | AG407: 197 | AH407: 0 | AI407: =IF(AH407>AB407,"Rectification Required"," - ") -> - | AJ407: 0 | AK407: =IF(AJ407>AB407,"Rectification Required"," - ") -> - | AL407: 10 | AM407: 0 | AN407: =IF(AM407>AL407,"Rectification Required"," - ") -> - | AO407: 0 | AP407: =IF(AO407>AL407,"Rectification Required"," - ") -> - | AQ407: 0 | AR407: =IF(AQ407>AL407,"Rectification Required"," - ") -> - | AS407: 0 | AT407: =IF(AS407>AL407,"Rectification Required"," - ") -> -
... A455: NH-65 | B455: 294100 | C455: 294200 | D455: =C455-B455 -> 100 | F455: 2500 | G455: 0 | H455: =630*G455^1.12 -> 0 | I455: =IF(H455>F455,"Rectification Required"," - ") -> - | J455: 0 | K455: =630*J455^1.12 -> 0 | L455: =IF(K455>F455,"Rectification Required"," - ") -> - | M455: 0 | N455: =630*M455^1.12 -> 0 | O455: =IF(N455>F455,"Rectification Required"," - ") -> - | P455: 0 | Q455: =630*P455^1.12 -> 0 | R455: =IF(Q455>F455,"Rectification Required"," - ") -> - | S455: 10 | T455: 0 | U455: =IF(T455>S455,"Rectification Required"," - ") -> - | V455: 0 | W455: =IF(V455>S455,"Rectification Required"," - ") -> - | X455: 0 | Y455: =IF(X455>S455,"Rectification Required"," - ") -> - | Z455: 0 | AA455: =IF(Z455>S455,"Rectification Required"," - ") -> - | AB455: 5 | AC455: 0 | AD455: =IF(AC455>AB455,"Rectification Required"," - ") -> - | AE455: 0 | AF455: =IF(AE455>AB455,"Rectification Required"," - ") -> - | AG455: 149 | AH455: 0 | AI455: =IF(AH455>AB455,"Rectification Required"," - ") -> - | AJ455: 0 | AK455: =IF(AJ455>AB455,"Rectification Required"," - ") -> - | AL455: 10 | AM455: 0 | AN455: =IF(AM455>AL455,"Rectification Required"," - ") -> - | AO455: 0 | AP455: =IF(AO455>AL455,"Rectification Required"," - ") -> - | AQ455: 0 | AR455: =IF(AQ455>AL455,"Rectification Required"," - ") -> - | AS455: 0 | AT455: =IF(AS455>AL455,"Rectification Required"," - ") -> -
A456: NH-65 | B456: 294200 | C456: 294300 | D456: =C456-B456 -> 100 | F456: 2500 | G456: 1.825 | H456: =630*G456^1.12 -> 1235.8193 | I456: =IF(H456>F456,"Rectification Required"," - ") -> - | J456: 1.695 | K456: =630*J456^1.12 -> 1137.6551 | L456: =IF(K456>F456,"Rectification Required"," - ") -> - | M456: UC | N456: =630*M456^1.12 -> #VALUE! | O456: =IF(N456>F456,"Rectification Required"," - ") -> #VALUE! | P456: UC | Q456: =630*P456^1.12 -> #VALUE! | R456: =IF(Q456>F456,"Rectification Required"," - ") -> #VALUE! | S456: 10 | T456: 5.75 | U456: =IF(T456>S456,"Rectification Required"," - ") -> - | V456: 7.8 | W456: =IF(V456>S456,"Rectification Required"," - ") -> - | X456: 0 | Y456: =IF(X456>S456,"Rectification Required"," - ") -> - | Z456: 0 | AA456: =IF(Z456>S456,"Rectification Required"," - ") -> - | AB456: 5 | AC456: 3.1396803 | AD456: =IF(AC456>AB456,"Rectification Required"," - ") -> - | AE456: 7.875876 | AF456: =IF(AE456>AB456,"Rectification Required"," - ") -> Rectification Required | AG456: 148 | AH456: 0 | AI456: =IF(AH456>AB456,"Rectification Required"," - ") -> - | AJ456: 0 | AK456: =IF(AJ456>AB456,"Rectification Required"," - ") -> - | AL456: 10 | AM456: 34.789 | AN456: =IF(AM456>AL456,"Rectification Required"," - ") -> Rectification Required | AO456: 33.328 | AP456: =IF(AO456>AL456,"Rectification Required"," - ") -> Rectification Required | AQ456: 23.621 | AR456: =IF(AQ456>AL456,"Rectification Required"," - ") -> Rectification Required | AS456: 11.977 | AT456: =IF(AS456>AL456,"Rectification Required"," - ") -> Rectification Required
A457: NH-65 | B457: 294300 | C457: 294400 | D457: =C457-B457 -> 100 | F457: 2500 | G457: 2.89 | H457: =630*G457^1.12 -> 2067.979 | I457: =IF(H457>F457,"Rectification Required"," - ") -> - | J457: 2.79 | K457: =630*J457^1.12 -> 1988.004 | L457: =IF(K457>F457,"Rectification Required"," - ") -> - | M457: 5.15 | N457: =630*M457^1.12 -> 3949.7049 | O457: =IF(N457>F457,"Rectification Required"," - ") -> Rectification Required | P457: 5.275 | Q457: =630*P457^1.12 -> 4057.2308 | R457: =IF(Q457>F457,"Rectification Required"," - ") -> Rectification Required | S457: 10 | T457: 13.75 | U457: =IF(T457>S457,"Rectification Required"," - ") -> Rectification Required | V457: 11.4 | W457: =IF(V457>S457,"Rectification Required"," - ") -> Rectification Required | X457: 5.9 | Y457: =IF(X457>S457,"Rectification Required"," - ") -> - | Z457: 5 | AA457: =IF(Z457>S457,"Rectification Required"," - ") -> - | AB457: 5 | AC457: 1.2792029 | AD457: =IF(AC457>AB457,"Rectification Required"," - ") -> - | AE457: 0.00063942857 | AF457: =IF(AE457>AB457,"Rectification Required"," - ") -> - | AG457: 147 | AH457: 17.956961 | AI457: =IF(AH457>AB457,"Rectification Required"," - ") -> Rectification Required | AJ457: 10.015997 | AK457: =IF(AJ457>AB457,"Rectification Required"," - ") -> Rectification Required | AL457: 10 | AM457: 15.69 | AN457: =IF(AM457>AL457,"Rectification Required"," - ") -> Rectification Required | AO457: 16.342 | AP457: =IF(AO457>AL457,"Rectification Required"," - ") -> Rectification Required | AQ457: 7.665 | AR457: =IF(AQ457>AL457,"Rectification Required"," - ") -> - | AS457: 12.328 | AT457: =IF(AS457>AL457,"Rectification Required"," - ") -> Rectification Required
A458: NH-65 | B458: 294400 | C458: 294500 | D458: =C458-B458 -> 100 | F458: 2500 | G458: 3.14 | H458: =630*G458^1.12 -> 2269.3514 | I458: =IF(H458>F458,"Rectification Required"," - ") -> - | J458: 4.75 | K458: =630*J458^1.12 -> 3607.7579 | L458: =IF(K458>F458,"Rectification Required"," - ") -> Rectification Required | M458: 3.785 | N458: =630*M458^1.12 -> 2797.5273 | O458: =IF(N458>F458,"Rectification Required"," - ") -> Rectification Required | P458: 2.82 | Q458: =630*P458^1.12 -> 2011.961 | R458: =IF(Q458>F458,"Rectification Required"," - ") -> - | S458: 10 | T458: 20.95 | U458: =IF(T458>S458,"Rectification Required"," - ") -> Rectification Required | V458: 16.25 | W458: =IF(V458>S458,"Rectification Required"," - ") -> Rectification Required | X458: 4.85 | Y458: =IF(X458>S458,"Rectification Required"," - ") -> - | Z458: 2.9 | AA458: =IF(Z458>S458,"Rectification Required"," - ") -> - | AB458: 5 | AC458: 0 | AD458: =IF(AC458>AB458,"Rectification Required"," - ") -> - | AE458: 0.51037771 | AF458: =IF(AE458>AB458,"Rectification Required"," - ") -> - | AG458: 146 | AH458: 4.7920529 | AI458: =IF(AH458>AB458,"Rectification Required"," - ") -> - | AJ458: 0.075588857 | AK458: =IF(AJ458>AB458,"Rectification Required"," - ") -> - | AL458: 10 | AM458: 4.464 | AN458: =IF(AM458>AL458,"Rectification Required"," - ") -> - | AO458: 11.566 | AP458: =IF(AO458>AL458,"Rectification Required"," - ") -> Rectification Required | AQ458: 25.398 | AR458: =IF(AQ458>AL458,"Rectification Required"," - ") -> Rectification Required | AS458: 26.684 | AT458: =IF(AS458>AL458,"Rectification Required"," - ") -> Rectification Required
A459: NH-65 | B459: 294500 | C459: 294600 | D459: =C459-B459 -> 100 | F459: 2500 | G459: 3.32 | H459: =630*G459^1.12 -> 2415.5454 | I459: =IF(H459>F459,"Rectification Required"," - ") -> - | J459: 3.925 | K459: =630*J459^1.12 -> 2913.6741 | L459: =IF(K459>F459,"Rectification Required"," - ") -> Rectification Required | M459: 7.79 | N459: =630*M459^1.12 -> 6278.5955 | O459: =IF(N459>F459,"Rectification Required"," - ") -> Rectification Required | P459: 5.6 | Q459: =630*P459^1.12 -> 4338.2157 | R459: =IF(Q459>F459,"Rectification Required"," - ") -> Rectification Required | S459: 10 | T459: 20.55 | U459: =IF(T459>S459,"Rectification Required"," - ") -> Rectification Required | V459: 13.95 | W459: =IF(V459>S459,"Rectification Required"," - ") -> Rectification Required | X459: 8 | Y459: =IF(X459>S459,"Rectification Required"," - ") -> - | Z459: 10.8 | AA459: =IF(Z459>S459,"Rectification Required"," - ") -> Rectification Required | AB459: 5 | AC459: 0.00032057143 | AD459: =IF(AC459>AB459,"Rectification Required"," - ") -> - | AE459: 3.546726 | AF459: =IF(AE459>AB459,"Rectification Required"," - ") -> - | AG459: 145 | AH459: 29.659687 | AI459: =IF(AH459>AB459,"Rectification Required"," - ") -> Rectification Required | AJ459: 37.875785 | AK459: =IF(AJ459>AB459,"Rectification Required"," - ") -> Rectification Required | AL459: 10 | AM459: 5.18 | AN459: =IF(AM459>AL459,"Rectification Required"," - ") -> - | AO459: 14.552 | AP459: =IF(AO459>AL459,"Rectification Required"," - ") -> Rectification Required | AQ459: 17.748 | AR459: =IF(AQ459>AL459,"Rectification Required"," - ") -> Rectification Required | AS459: 18.67 | AT459: =IF(AS459>AL459,"Rectification Required"," - ") -> Rectification Required
A460: NH-65 | B460: 294600 | C460: 294700 | D460: =C460-B460 -> 100 | F460: 2500 | G460: 3.16 | H460: =630*G460^1.12 -> 2285.5466 | I460: =IF(H460>F460,"Rectification Required"," - ") -> - | J460: 3.27 | K460: =630*J460^1.12 -> 2374.8382 | L460: =IF(K460>F460,"Rectification Required"," - ") -> - | M460: 3.18 | N460: =630*M460^1.12 -> 2301.7541 | O460: =IF(N460>F460,"Rectification Required"," - ") -> - | P460: 4.295 | Q460: =630*P460^1.12 -> 3222.9925 | R460: =IF(Q460>F460,"Rectification Required"," - ") -> Rectification Required | S460: 10 | T460: 19.7 | U460: =IF(T460>S460,"Rectification Required"," - ") -> Rectification Required | V460: 15.25 | W460: =IF(V460>S460,"Rectification Required"," - ") -> Rectification Required | X460: 10.55 | Y460: =IF(X460>S460,"Rectification Required"," - ") -> Rectification Required | Z460: 9.65 | AA460: =IF(Z460>S460,"Rectification Required"," - ") -> - | AB460: 5 | AC460: 0.0022322857 | AD460: =IF(AC460>AB460,"Rectification Required"," - ") -> - | AE460: 0.0011171429 | AF460: =IF(AE460>AB460,"Rectification Required"," - ") -> - | AG460: 144 | AH460: 30.656974 | AI460: =IF(AH460>AB460,"Rectification Required"," - ") -> Rectification Required | AJ460: 22.389537 | AK460: =IF(AJ460>AB460,"Rectification Required"," - ") -> Rectification Required | AL460: 10 | AM460: 8.729 | AN460: =IF(AM460>AL460,"Rectification Required"," - ") -> - | AO460: 19.096 | AP460: =IF(AO460>AL460,"Rectification Required"," - ") -> Rectification Required | AQ460: 6.046 | AR460: =IF(AQ460>AL460,"Rectification Required"," - ") -> - | AS460: 8.68 | AT460: =IF(AS460>AL460,"Rectification Required"," - ") -> -
A461: NH-65 | B461: 294700 | C461: 294800 | D461: =C461-B461 -> 100 | F461: 2500 | G461: 3.54 | H461: =630*G461^1.12 -> 2595.5189 | I461: =IF(H461>F461,"Rectification Required"," - ") -> Rectification Required | J461: 3.25 | K461: =630*J461^1.12 -> 2358.5762 | L461: =IF(K461>F461,"Rectification Required"," - ") -> - | M461: 2.69 | N461: =630*M461^1.12 -> 1908.3723 | O461: =IF(N461>F461,"Rectification Required"," - ") -> - | P461: 3.14 | Q461: =630*P461^1.12 -> 2269.3514 | R461: =IF(Q461>F461,"Rectification Required"," - ") -> - | S461: 10 | T461: 18 | U461: =IF(T461>S461,"Rectification Required"," - ") -> Rectification Required | V461: 15.1 | W461: =IF(V461>S461,"Rectification Required"," - ") -> Rectification Required | X461: 8 | Y461: =IF(X461>S461,"Rectification Required"," - ") -> - | Z461: 8.8 | AA461: =IF(Z461>S461,"Rectification Required"," - ") -> - | AB461: 5 | AC461: 0.0012697143 | AD461: =IF(AC461>AB461,"Rectification Required"," - ") -> - | AE461: 0.18614629 | AF461: =IF(AE461>AB461,"Rectification Required"," - ") -> - | AG461: 143 | AH461: 20.023236 | AI461: =IF(AH461>AB461,"Rectification Required"," - ") -> Rectification Required | AJ461: 22.698972 | AK461: =IF(AJ461>AB461,"Rectification Required"," - ") -> Rectification Required | AL461: 10 | AM461: 10.441 | AN461: =IF(AM461>AL461,"Rectification Required"," - ") -> Rectification Required | AO461: 22.337 | AP461: =IF(AO461>AL461,"Rectification Required"," - ") -> Rectification Required | AQ461: 13.344 | AR461: =IF(AQ461>AL461,"Rectification Required"," - ") -> Rectification Required | AS461: 21.362 | AT461: =IF(AS461>AL461,"Rectification Required"," - ") -> Rectification Required
A462: NH-65 | B462: 294800 | C462: 294900 | D462: =C462-B462 -> 100 | F462: 2500 | G462: 3.625 | H462: =630*G462^1.12 -> 2665.4192 | I462: =IF(H462>F462,"Rectification Required"," - ") -> Rectification Required | J462: 3.095 | K462: =630*J462^1.12 -> 2232.9576 | L462: =IF(K462>F462,"Rectification Required"," - ") -> - | M462: 2.72 | N462: =630*M462^1.12 -> 1932.2251 | O462: =IF(N462>F462,"Rectification Required"," - ") -> - | P462: 2.285 | Q462: =630*P462^1.12 -> 1589.6192 | R462: =IF(Q462>F462,"Rectification Required"," - ") -> - | S462: 10 | T462: 8.8 | U462: =IF(T462>S462,"Rectification Required"," - ") -> - | V462: 7.8 | W462: =IF(V462>S462,"Rectification Required"," - ") -> - | X462: 6.45 | Y462: =IF(X462>S462,"Rectification Required"," - ") -> - | Z462: 3.55 | AA462: =IF(Z462>S462,"Rectification Required"," - ") -> - | AB462: 5 | AC462: 15.28734 | AD462: =IF(AC462>AB462,"Rectification Required"," - ") -> Rectification Required | AE462: 0.0031237143 | AF462: =IF(AE462>AB462,"Rectification Required"," - ") -> - | AG462: 142 | AH462: 3.1982769 | AI462: =IF(AH462>AB462,"Rectification Required"," - ") -> - | AJ462: 1.3076743 | AK462: =IF(AJ462>AB462,"Rectification Required"," - ") -> - | AL462: 10 | AM462: 27.448 | AN462: =IF(AM462>AL462,"Rectification Required"," - ") -> Rectification Required | AO462: 26.603 | AP462: =IF(AO462>AL462,"Rectification Required"," - ") -> Rectification Required | AQ462: 12.159 | AR462: =IF(AQ462>AL462,"Rectification Required"," - ") -> Rectification Required | AS462: 21.569 | AT462: =IF(AS462>AL462,"Rectification Required"," - ") -> Rectification Required
A463: NH-65 | B463: 294900 | C463: 295000 | D463: =C463-B463 -> 100 | F463: 2500 | G463: 6.48 | H463: =630*G463^1.12 -> 5108.6313 | I463: =IF(H463>F463,"Rectification Required"," - ") -> Rectification Required | J463: 5.465 | K463: =630*J463^1.12 -> 4221.2545 | L463: =IF(K463>F463,"Rectification Required"," - ") -> Rectification Required | M463: 3.43 | N463: =630*M463^1.12 -> 2505.359 | O463: =IF(N463>F463,"Rectification Required"," - ") -> Rectification Required | P463: 3.03 | Q463: =630*P463^1.12 -> 2180.501 | R463: =IF(Q463>F463,"Rectification Required"," - ") -> - | S463: 10 | T463: 7 | U463: =IF(T463>S463,"Rectification Required"," - ") -> - | V463: 7.75 | W463: =IF(V463>S463,"Rectification Required"," - ") -> - | X463: 6.6 | Y463: =IF(X463>S463,"Rectification Required"," - ") -> - | Z463: 5.15 | AA463: =IF(Z463>S463,"Rectification Required"," - ") -> - | AB463: 5 | AC463: 9.0173277 | AD463: =IF(AC463>AB463,"Rectification Required"," - ") -> Rectification Required | AE463: 0.018539429 | AF463: =IF(AE463>AB463,"Rectification Required"," - ") -> - | AG463: 141 | AH463: 10.407098 | AI463: =IF(AH463>AB463,"Rectification Required"," - ") -> Rectification Required | AJ463: 2.7333314 | AK463: =IF(AJ463>AB463,"Rectification Required"," - ") -> - | AL463: 10 | AM463: 34.202 | AN463: =IF(AM463>AL463,"Rectification Required"," - ") -> Rectification Required | AO463: 24.257 | AP463: =IF(AO463>AL463,"Rectification Required"," - ") -> Rectification Required | AQ463: 15.076 | AR463: =IF(AQ463>AL463,"Rectification Required"," - ") -> Rectification Required | AS463: 20.053 | AT463: =IF(AS463>AL463,"Rectification Required"," - ") -> Rectification Required
A464: NH-65 | B464: 295000 | C464: 295100 | D464: =C464-B464 -> 100 | F464: 2500 | G464: 6.795 | H464: =630*G464^1.12 -> 5387.5678 | I464: =IF(H464>F464,"Rectification Required"," - ") -> Rectification Required | J464: 5.585 | K464: =630*J464^1.12 -> 4325.2031 | L464: =IF(K464>F464,"Rectification Required"," - ") -> Rectification Required | M464: 6.025 | N464: =630*M464^1.12 -> 4708.607 | O464: =IF(N464>F464,"Rectification Required"," - ") -> Rectification Required | P464: 4.485 | Q464: =630*P464^1.12 -> 3383.0973 | R464: =IF(Q464>F464,"Rectification Required"," - ") -> Rectification Required | S464: 10 | T464: 6.95 | U464: =IF(T464>S464,"Rectification Required"," - ") -> - | V464: 8.25 | W464: =IF(V464>S464,"Rectification Required"," - ") -> - | X464: 7.55 | Y464: =IF(X464>S464,"Rectification Required"," - ") -> - | Z464: 3.8 | AA464: =IF(Z464>S464,"Rectification Required"," - ") -> - | AB464: 5 | AC464: 4.0519671 | AD464: =IF(AC464>AB464,"Rectification Required"," - ") -> - | AE464: 0.47310771 | AF464: =IF(AE464>AB464,"Rectification Required"," - ") -> - | AG464: 140 | AH464: 16.119839 | AI464: =IF(AH464>AB464,"Rectification Required"," - ") -> Rectification Required | AJ464: 3.655532 | AK464: =IF(AJ464>AB464,"Rectification Required"," - ") -> - | AL464: 10 | AM464: 29.511 | AN464: =IF(AM464>AL464,"Rectification Required"," - ") -> Rectification Required | AO464: 18.176 | AP464: =IF(AO464>AL464,"Rectification Required"," - ") -> Rectification Required | AQ464: 20.98 | AR464: =IF(AQ464>AL464,"Rectification Required"," - ") -> Rectification Required | AS464: 21.306 | AT464: =IF(AS464>AL464,"Rectification Required"," - ") -> Rectification Required
A465: NH-65 | B465: 295100 | C465: 295200 | D465: =C465-B465 -> 100 | F465: 2500 | G465: 7.935 | H465: =630*G465^1.12 -> 6409.6322 | I465: =IF(H465>F465,"Rectification Required"," - ") -> Rectification Required | J465: 8.26 | K465: =630*J465^1.12 -> 6704.3735 | L465: =IF(K465>F465,"Rectification Required"," - ") -> Rectification Required | M465: 6.655 | N465: =630*M465^1.12 -> 5263.4 | O465: =IF(N465>F465,"Rectification Required"," - ") -> Rectification Required | P465: 6.915 | Q465: =630*P465^1.12 -> 5494.2421 | R465: =IF(Q465>F465,"Rectification Required"," - ") -> Rectification Required | S465: 10 | T465: 11.2 | U465: =IF(T465>S465,"Rectification Required"," - ") -> Rectification Required | V465: 9.05 | W465: =IF(V465>S465,"Rectification Required"," - ") -> - | X465: 4.1 | Y465: =IF(X465>S465,"Rectification Required"," - ") -> - | Z465: 6.6 | AA465: =IF(Z465>S465,"Rectification Required"," - ") -> - | AB465: 5 | AC465: 14.990407 | AD465: =IF(AC465>AB465,"Rectification Required"," - ") -> Rectification Required | AE465: 14.813167 | AF465: =IF(AE465>AB465,"Rectification Required"," - ") -> Rectification Required | AG465: 139 | AH465: 0.34399743 | AI465: =IF(AH465>AB465,"Rectification Required"," - ") -> - | AJ465: 10.123776 | AK465: =IF(AJ465>AB465,"Rectification Required"," - ") -> Rectification Required | AL465: 10 | AM465: 20.323 | AN465: =IF(AM465>AL465,"Rectification Required"," - ") -> Rectification Required | AO465: 26.473 | AP465: =IF(AO465>AL465,"Rectification Required"," - ") -> Rectification Required | AQ465: 19.264 | AR465: =IF(AQ465>AL465,"Rectification Required"," - ") -> Rectification Required | AS465: 29.433 | AT465: =IF(AS465>AL465,"Rectification Required"," - ") -> Rectification Required
A466: NH-65 | B466: 295200 | C466: 295300 | D466: =C466-B466 -> 100 | F466: 2500 | G466: 8.11 | H466: =630*G466^1.12 -> 6568.1628 | I466: =IF(H466>F466,"Rectification Required"," - ") -> Rectification Required | J466: 5.73 | K466: =630*J466^1.12 -> 4451.1653 | L466: =IF(K466>F466,"Rectification Required"," - ") -> Rectification Required | M466: 3.96 | N466: =630*M466^1.12 -> 2942.7892 | O466: =IF(N466>F466,"Rectification Required"," - ") -> Rectification Required | P466: 3.515 | Q466: =630*P466^1.12 -> 2574.9981 | R466: =IF(Q466>F466,"Rectification Required"," - ") -> Rectification Required | S466: 10 | T466: 6.9 | U466: =IF(T466>S466,"Rectification Required"," - ") -> - | V466: 5.6 | W466: =IF(V466>S466,"Rectification Required"," - ") -> - | X466: 4.1 | Y466: =IF(X466>S466,"Rectification Required"," - ") -> - | Z466: 5.85 | AA466: =IF(Z466>S466,"Rectification Required"," - ") -> - | AB466: 5 | AC466: 0.39319143 | AD466: =IF(AC466>AB466,"Rectification Required"," - ") -> - | AE466: 4.1302823 | AF466: =IF(AE466>AB466,"Rectification Required"," - ") -> - | AG466: 138 | AH466: 0.298644 | AI466: =IF(AH466>AB466,"Rectification Required"," - ") -> - | AJ466: 2.0235003 | AK466: =IF(AJ466>AB466,"Rectification Required"," - ") -> - | AL466: 10 | AM466: 17.385 | AN466: =IF(AM466>AL466,"Rectification Required"," - ") -> Rectification Required | AO466: 13.994 | AP466: =IF(AO466>AL466,"Rectification Required"," - ") -> Rectification Required | AQ466: 20.21 | AR466: =IF(AQ466>AL466,"Rectification Required"," - ") -> Rectification Required | AS466: 15.929 | AT466: =IF(AS466>AL466,"Rectification Required"," - ") -> Rectification Required
A467: NH-65 | B467: 295300 | C467: 295400 | D467: =C467-B467 -> 100 | F467: 2500 | G467: 7.78 | H467: =630*G467^1.12 -> 6269.5692 | I467: =IF(H467>F467,"Rectification Required"," - ") -> Rectification Required | J467: 6.95 | K467: =630*J467^1.12 -> 5525.3975 | L467: =IF(K467>F467,"Rectification Required"," - ") -> Rectification Required | M467: 5.86 | N467: =630*M467^1.12 -> 4564.4229 | O467: =IF(N467>F467,"Rectification Required"," - ") -> Rectification Required | P467: 6.5 | Q467: =630*P467^1.12 -> 5126.294 | R467: =IF(Q467>F467,"Rectification Required"," - ") -> Rectification Required | S467: 10 | T467: 6.5 | U467: =IF(T467>S467,"Rectification Required"," - ") -> - | V467: 7 | W467: =IF(V467>S467,"Rectification Required"," - ") -> - | X467: 6.8 | Y467: =IF(X467>S467,"Rectification Required"," - ") -> - | Z467: 4.05 | AA467: =IF(Z467>S467,"Rectification Required"," - ") -> - | AB467: 5 | AC467: 2.1796309 | AD467: =IF(AC467>AB467,"Rectification Required"," - ") -> - | AE467: 11.21981 | AF467: =IF(AE467>AB467,"Rectification Required"," - ") -> Rectification Required | AG467: 137 | AH467: 10.848948 | AI467: =IF(AH467>AB467,"Rectification Required"," - ") -> Rectification Required | AJ467: 17.56253 | AK467: =IF(AJ467>AB467,"Rectification Required"," - ") -> Rectification Required | AL467: 10 | AM467: 8.974 | AN467: =IF(AM467>AL467,"Rectification Required"," - ") -> - | AO467: 3.798 | AP467: =IF(AO467>AL467,"Rectification Required"," - ") -> - | AQ467: 24.103 | AR467: =IF(AQ467>AL467,"Rectification Required"," - ") -> Rectification Required | AS467: 19.183 | AT467: =IF(AS467>AL467,"Rectification Required"," - ") -> Rectification Required
A468: NH-65 | B468: 295400 | C468: 295500 | D468: =C468-B468 -> 100 | F468: 2500 | G468: 3.085 | H468: =630*G468^1.12 -> 2224.8787 | I468: =IF(H468>F468,"Rectification Required"," - ") -> - | J468: 2.79 | K468: =630*J468^1.12 -> 1988.004 | L468: =IF(K468>F468,"Rectification Required"," - ") -> - | M468: 5.08 | N468: =630*M468^1.12 -> 3889.6266 | O468: =IF(N468>F468,"Rectification Required"," - ") -> Rectification Required | P468: 5.25 | Q468: =630*P468^1.12 -> 4035.7009 | R468: =IF(Q468>F468,"Rectification Required"," - ") -> Rectification Required | S468: 10 | T468: 6.05 | U468: =IF(T468>S468,"Rectification Required"," - ") -> - | V468: 6.45 | W468: =IF(V468>S468,"Rectification Required"," - ") -> - | X468: 12.45 | Y468: =IF(X468>S468,"Rectification Required"," - ") -> Rectification Required | Z468: 9.25 | AA468: =IF(Z468>S468,"Rectification Required"," - ") -> - | AB468: 5 | AC468: 0.017203714 | AD468: =IF(AC468>AB468,"Rectification Required"," - ") -> - | AE468: 0.0038817143 | AF468: =IF(AE468>AB468,"Rectification Required"," - ") -> - | AG468: 136 | AH468: 13.821261 | AI468: =IF(AH468>AB468,"Rectification Required"," - ") -> Rectification Required | AJ468: 4.0228983 | AK468: =IF(AJ468>AB468,"Rectification Required"," - ") -> - | AL468: 10 | AM468: 26.963 | AN468: =IF(AM468>AL468,"Rectification Required"," - ") -> Rectification Required | AO468: 21.838 | AP468: =IF(AO468>AL468,"Rectification Required"," - ") -> Rectification Required | AQ468: 19.789 | AR468: =IF(AQ468>AL468,"Rectification Required"," - ") -> Rectification Required | AS468: 17.223 | AT468: =IF(AS468>AL468,"Rectification Required"," - ") -> Rectification Required
... A535: NH-65 | B535: 302100 | C535: 302200 | D535: =C535-B535 -> 100 | F535: 2500 | G535: 4.175 | H535: =630*G535^1.12 -> 3122.3085 | I535: =IF(H535>F535,"Rectification Required"," - ") -> Rectification Required | J535: 5.475 | K535: =630*J535^1.12 -> 4229.9065 | L535: =IF(K535>F535,"Rectification Required"," - ") -> Rectification Required | M535: 2.935 | N535: =630*M535^1.12 -> 2104.077 | O535: =IF(N535>F535,"Rectification Required"," - ") -> - | P535: 2.58 | Q535: =630*P535^1.12 -> 1821.1873 | R535: =IF(Q535>F535,"Rectification Required"," - ") -> - | S535: 10 | T535: 3.65 | U535: =IF(T535>S535,"Rectification Required"," - ") -> - | V535: 3.9 | W535: =IF(V535>S535,"Rectification Required"," - ") -> - | X535: 1.95 | Y535: =IF(X535>S535,"Rectification Required"," - ") -> - | Z535: 4.3 | AA535: =IF(Z535>S535,"Rectification Required"," - ") -> - | AB535: 5 | AC535: 20.156515 | AD535: =IF(AC535>AB535,"Rectification Required"," - ") -> Rectification Required | AE535: 10.476217 | AF535: =IF(AE535>AB535,"Rectification Required"," - ") -> Rectification Required | AG535: 69 | AH535: 0.012046286 | AI535: =IF(AH535>AB535,"Rectification Required"," - ") -> - | AJ535: 1.2212774 | AK535: =IF(AJ535>AB535,"Rectification Required"," - ") -> - | AL535: 10 | AM535: 19.999 | AN535: =IF(AM535>AL535,"Rectification Required"," - ") -> Rectification Required | AO535: 26.805 | AP535: =IF(AO535>AL535,"Rectification Required"," - ") -> Rectification Required | AQ535: 30.814 | AR535: =IF(AQ535>AL535,"Rectification Required"," - ") -> Rectification Required | AS535: 30.33 | AT535: =IF(AS535>AL535,"Rectification Required"," - ") -> Rectification Required
A536: NH-65 | B536: 302200 | C536: 302300 | D536: =C536-B536 -> 100 | F536: 2500 | G536: 2.81 | H536: =630*G536^1.12 -> 2003.9719 | I536: =IF(H536>F536,"Rectification Required"," - ") -> - | J536: 2.845 | K536: =630*J536^1.12 -> 2031.9485 | L536: =IF(K536>F536,"Rectification Required"," - ") -> - | M536: UC | N536: =630*M536^1.12 -> #VALUE! | O536: =IF(N536>F536,"Rectification Required"," - ") -> #VALUE! | P536: UC | Q536: =630*P536^1.12 -> #VALUE! | R536: =IF(Q536>F536,"Rectification Required"," - ") -> #VALUE! | S536: 10 | T536: 5.25 | U536: =IF(T536>S536,"Rectification Required"," - ") -> - | V536: 3.05 | W536: =IF(V536>S536,"Rectification Required"," - ") -> - | X536: 0 | Y536: =IF(X536>S536,"Rectification Required"," - ") -> - | Z536: 0 | AA536: =IF(Z536>S536,"Rectification Required"," - ") -> - | AB536: 5 | AC536: 18.055371 | AD536: =IF(AC536>AB536,"Rectification Required"," - ") -> Rectification Required | AE536: 11.685807 | AF536: =IF(AE536>AB536,"Rectification Required"," - ") -> Rectification Required | AG536: 68 | AH536: 0 | AI536: =IF(AH536>AB536,"Rectification Required"," - ") -> - | AJ536: 0 | AK536: =IF(AJ536>AB536,"Rectification Required"," - ") -> - | AL536: 10 | AM536: 20.478 | AN536: =IF(AM536>AL536,"Rectification Required"," - ") -> Rectification Required | AO536: 12.513 | AP536: =IF(AO536>AL536,"Rectification Required"," - ") -> Rectification Required | AQ536: 12.522 | AR536: =IF(AQ536>AL536,"Rectification Required"," - ") -> Rectification Required | AS536: 13.022 | AT536: =IF(AS536>AL536,"Rectification Required"," - ") -> Rectification Required
A537: NH-65 | B537: 302300 | C537: 302400 | D537: =C537-B537 -> 100 | F537: 2500 | G537: 0 | H537: =630*G537^1.12 -> 0 | I537: =IF(H537>F537,"Rectification Required"," - ") -> - | J537: 0 | K537: =630*J537^1.12 -> 0 | L537: =IF(K537>F537,"Rectification Required"," - ") -> - | M537: 0 | N537: =630*M537^1.12 -> 0 | O537: =IF(N537>F537,"Rectification Required"," - ") -> - | P537: 0 | Q537: =630*P537^1.12 -> 0 | R537: =IF(Q537>F537,"Rectification Required"," - ") -> - | S537: 10 | T537: 0 | U537: =IF(T537>S537,"Rectification Required"," - ") -> - | V537: 0 | W537: =IF(V537>S537,"Rectification Required"," - ") -> - | X537: 0 | Y537: =IF(X537>S537,"Rectification Required"," - ") -> - | Z537: 0 | AA537: =IF(Z537>S537,"Rectification Required"," - ") -> - | AB537: 5 | AC537: 0 | AD537: =IF(AC537>AB537,"Rectification Required"," - ") -> - | AE537: 0 | AF537: =IF(AE537>AB537,"Rectification Required"," - ") -> - | AG537: 67 | AH537: 0 | AI537: =IF(AH537>AB537,"Rectification Required"," - ") -> - | AJ537: 0 | AK537: =IF(AJ537>AB537,"Rectification Required"," - ") -> - | AL537: 10 | AM537: 0 | AN537: =IF(AM537>AL537,"Rectification Required"," - ") -> - | AO537: 0 | AP537: =IF(AO537>AL537,"Rectification Required"," - ") -> - | AQ537: 0 | AR537: =IF(AQ537>AL537,"Rectification Required"," - ") -> - | AS537: 0 | AT537: =IF(AS537>AL537,"Rectification Required"," - ") -> -
A538: NH-65 | B538: 302400 | C538: 302500 | D538: =C538-B538 -> 100 | F538: 2500 | G538: 0 | H538: =630*G538^1.12 -> 0 | I538: =IF(H538>F538,"Rectification Required"," - ") -> - | J538: 0 | K538: =630*J538^1.12 -> 0 | L538: =IF(K538>F538,"Rectification Required"," - ") -> - | M538: 0 | N538: =630*M538^1.12 -> 0 | O538: =IF(N538>F538,"Rectification Required"," - ") -> - | P538: 0 | Q538: =630*P538^1.12 -> 0 | R538: =IF(Q538>F538,"Rectification Required"," - ") -> - | S538: 10 | T538: 0 | U538: =IF(T538>S538,"Rectification Required"," - ") -> - | V538: 0 | W538: =IF(V538>S538,"Rectification Required"," - ") -> - | X538: 0 | Y538: =IF(X538>S538,"Rectification Required"," - ") -> - | Z538: 0 | AA538: =IF(Z538>S538,"Rectification Required"," - ") -> - | AB538: 5 | AC538: 0 | AD538: =IF(AC538>AB538,"Rectification Required"," - ") -> - | AE538: 0 | AF538: =IF(AE538>AB538,"Rectification Required"," - ") -> - | AG538: 66 | AH538: 0 | AI538: =IF(AH538>AB538,"Rectification Required"," - ") -> - | AJ538: 0 | AK538: =IF(AJ538>AB538,"Rectification Required"," - ") -> - | AL538: 10 | AM538: 0 | AN538: =IF(AM538>AL538,"Rectification Required"," - ") -> - | AO538: 0 | AP538: =IF(AO538>AL538,"Rectification Required"," - ") -> - | AQ538: 0 | AR538: =IF(AQ538>AL538,"Rectification Required"," - ") -> - | AS538: 0 | AT538: =IF(AS538>AL538,"Rectification Required"," - ") -> -
A539: NH-65 | B539: 302500 | C539: 302600 | D539: =C539-B539 -> 100 | F539: 2500 | G539: 0 | H539: =630*G539^1.12 -> 0 | I539: =IF(H539>F539,"Rectification Required"," - ") -> - | J539: 0 | K539: =630*J539^1.12 -> 0 | L539: =IF(K539>F539,"Rectification Required"," - ") -> - | M539: 0 | N539: =630*M539^1.12 -> 0 | O539: =IF(N539>F539,"Rectification Required"," - ") -> - | P539: 0 | Q539: =630*P539^1.12 -> 0 | R539: =IF(Q539>F539,"Rectification Required"," - ") -> - | S539: 10 | T539: 0 | U539: =IF(T539>S539,"Rectification Required"," - ") -> - | V539: 0 | W539: =IF(V539>S539,"Rectification Required"," - ") -> - | X539: 0 | Y539: =IF(X539>S539,"Rectification Required"," - ") -> - | Z539: 0 | AA539: =IF(Z539>S539,"Rectification Required"," - ") -> - | AB539: 5 | AC539: 0 | AD539: =IF(AC539>AB539,"Rectification Required"," - ") -> - | AE539: 0 | AF539: =IF(AE539>AB539,"Rectification Required"," - ") -> - | AG539: 65 | AH539: 0 | AI539: =IF(AH539>AB539,"Rectification Required"," - ") -> - | AJ539: 0 | AK539: =IF(AJ539>AB539,"Rectification Required"," - ") -> - | AL539: 10 | AM539: 0 | AN539: =IF(AM539>AL539,"Rectification Required"," - ") -> - | AO539: 0 | AP539: =IF(AO539>AL539,"Rectification Required"," - ") -> - | AQ539: 0 | AR539: =IF(AQ539>AL539,"Rectification Required"," - ") -> - | AS539: 0 | AT539: =IF(AS539>AL539,"Rectification Required"," - ") -> -
A540: NH-65 | B540: 302600 | C540: 302700 | D540: =C540-B540 -> 100 | F540: 2500 | G540: 0 | H540: =630*G540^1.12 -> 0 | I540: =IF(H540>F540,"Rectification Required"," - ") -> - | J540: 0 | K540: =630*J540^1.12 -> 0 | L540: =IF(K540>F540,"Rectification Required"," - ") -> - | M540: 0 | N540: =630*M540^1.12 -> 0 | O540: =IF(N540>F540,"Rectification Required"," - ") -> - | P540: 0 | Q540: =630*P540^1.12 -> 0 | R540: =IF(Q540>F540,"Rectification Required"," - ") -> - | S540: 10 | T540: 0 | U540: =IF(T540>S540,"Rectification Required"," - ") -> - | V540: 0 | W540: =IF(V540>S540,"Rectification Required"," - ") -> - | X540: 0 | Y540: =IF(X540>S540,"Rectification Required"," - ") -> - | Z540: 0 | AA540: =IF(Z540>S540,"Rectification Required"," - ") -> - | AB540: 5 | AC540: 0 | AD540: =IF(AC540>AB540,"Rectification Required"," - ") -> - | AE540: 0 | AF540: =IF(AE540>AB540,"Rectification Required"," - ") -> - | AG540: 64 | AH540: 0 | AI540: =IF(AH540>AB540,"Rectification Required"," - ") -> - | AJ540: 0 | AK540: =IF(AJ540>AB540,"Rectification Required"," - ") -> - | AL540: 10 | AM540: 0 | AN540: =IF(AM540>AL540,"Rectification Required"," - ") -> - | AO540: 0 | AP540: =IF(AO540>AL540,"Rectification Required"," - ") -> - | AQ540: 0 | AR540: =IF(AQ540>AL540,"Rectification Required"," - ") -> - | AS540: 0 | AT540: =IF(AS540>AL540,"Rectification Required"," - ") -> -
A541: NH-65 | B541: 302700 | C541: 302800 | D541: =C541-B541 -> 100 | F541: 2500 | G541: 0 | H541: =630*G541^1.12 -> 0 | I541: =IF(H541>F541,"Rectification Required"," - ") -> - | J541: 0 | K541: =630*J541^1.12 -> 0 | L541: =IF(K541>F541,"Rectification Required"," - ") -> - | M541: 0 | N541: =630*M541^1.12 -> 0 | O541: =IF(N541>F541,"Rectification Required"," - ") -> - | P541: 0 | Q541: =630*P541^1.12 -> 0 | R541: =IF(Q541>F541,"Rectification Required"," - ") -> - | S541: 10 | T541: 0 | U541: =IF(T541>S541,"Rectification Required"," - ") -> - | V541: 0 | W541: =IF(V541>S541,"Rectification Required"," - ") -> - | X541: 0 | Y541: =IF(X541>S541,"Rectification Required"," - ") -> - | Z541: 0 | AA541: =IF(Z541>S541,"Rectification Required"," - ") -> - | AB541: 5 | AC541: 0 | AD541: =IF(AC541>AB541,"Rectification Required"," - ") -> - | AE541: 0 | AF541: =IF(AE541>AB541,"Rectification Required"," - ") -> - | AG541: 63 | AH541: 0 | AI541: =IF(AH541>AB541,"Rectification Required"," - ") -> - | AJ541: 0 | AK541: =IF(AJ541>AB541,"Rectification Required"," - ") -> - | AL541: 10 | AM541: 0 | AN541: =IF(AM541>AL541,"Rectification Required"," - ") -> - | AO541: 0 | AP541: =IF(AO541>AL541,"Rectification Required"," - ") -> - | AQ541: 0 | AR541: =IF(AQ541>AL541,"Rectification Required"," - ") -> - | AS541: 0 | AT541: =IF(AS541>AL541,"Rectification Required"," - ") -> -
A542: NH-65 | B542: 302800 | C542: 302900 | D542: =C542-B542 -> 100 | F542: 2500 | G542: 0 | H542: =630*G542^1.12 -> 0 | I542: =IF(H542>F542,"Rectification Required"," - ") -> - | J542: 0 | K542: =630*J542^1.12 -> 0 | L542: =IF(K542>F542,"Rectification Required"," - ") -> - | M542: 0 | N542: =630*M542^1.12 -> 0 | O542: =IF(N542>F542,"Rectification Required"," - ") -> - | P542: 0 | Q542: =630*P542^1.12 -> 0 | R542: =IF(Q542>F542,"Rectification Required"," - ") -> - | S542: 10 | T542: 0 | U542: =IF(T542>S542,"Rectification Required"," - ") -> - | V542: 0 | W542: =IF(V542>S542,"Rectification Required"," - ") -> - | X542: 0 | Y542: =IF(X542>S542,"Rectification Required"," - ") -> - | Z542: 0 | AA542: =IF(Z542>S542,"Rectification Required"," - ") -> - | AB542: 5 | AC542: 0 | AD542: =IF(AC542>AB542,"Rectification Required"," - ") -> - | AE542: 0 | AF542: =IF(AE542>AB542,"Rectification Required"," - ") -> - | AG542: 62 | AH542: 0 | AI542: =IF(AH542>AB542,"Rectification Required"," - ") -> - | AJ542: 0 | AK542: =IF(AJ542>AB542,"Rectification Required"," - ") -> - | AL542: 10 | AM542: 0 | AN542: =IF(AM542>AL542,"Rectification Required"," - ") -> - | AO542: 0 | AP542: =IF(AO542>AL542,"Rectification Required"," - ") -> - | AQ542: 0 | AR542: =IF(AQ542>AL542,"Rectification Required"," - ") -> - | AS542: 0 | AT542: =IF(AS542>AL542,"Rectification Required"," - ") -> -
A543: NH-65 | B543: 302900 | C543: 303000 | D543: =C543-B543 -> 100 | F543: 2500 | G543: 0 | H543: =630*G543^1.12 -> 0 | I543: =IF(H543>F543,"Rectification Required"," - ") -> - | J543: 0 | K543: =630*J543^1.12 -> 0 | L543: =IF(K543>F543,"Rectification Required"," - ") -> - | M543: 0 | N543: =630*M543^1.12 -> 0 | O543: =IF(N543>F543,"Rectification Required"," - ") -> - | P543: 0 | Q543: =630*P543^1.12 -> 0 | R543: =IF(Q543>F543,"Rectification Required"," - ") -> - | S543: 10 | T543: 0 | U543: =IF(T543>S543,"Rectification Required"," - ") -> - | V543: 0 | W543: =IF(V543>S543,"Rectification Required"," - ") -> - | X543: 0 | Y543: =IF(X543>S543,"Rectification Required"," - ") -> - | Z543: 0 | AA543: =IF(Z543>S543,"Rectification Required"," - ") -> - | AB543: 5 | AC543: 0 | AD543: =IF(AC543>AB543,"Rectification Required"," - ") -> - | AE543: 0 | AF543: =IF(AE543>AB543,"Rectification Required"," - ") -> - | AG543: 61 | AH543: 0 | AI543: =IF(AH543>AB543,"Rectification Required"," - ") -> - | AJ543: 0 | AK543: =IF(AJ543>AB543,"Rectification Required"," - ") -> - | AL543: 10 | AM543: 0 | AN543: =IF(AM543>AL543,"Rectification Required"," - ") -> - | AO543: 0 | AP543: =IF(AO543>AL543,"Rectification Required"," - ") -> - | AQ543: 0 | AR543: =IF(AQ543>AL543,"Rectification Required"," - ") -> - | AS543: 0 | AT543: =IF(AS543>AL543,"Rectification Required"," - ") -> -
A544: NH-65 | B544: 303000 | C544: 303100 | D544: =C544-B544 -> 100 | F544: 2500 | G544: 0 | H544: =630*G544^1.12 -> 0 | I544: =IF(H544>F544,"Rectification Required"," - ") -> - | J544: 0 | K544: =630*J544^1.12 -> 0 | L544: =IF(K544>F544,"Rectification Required"," - ") -> - | M544: 0 | N544: =630*M544^1.12 -> 0 | O544: =IF(N544>F544,"Rectification Required"," - ") -> - | P544: 0 | Q544: =630*P544^1.12 -> 0 | R544: =IF(Q544>F544,"Rectification Required"," - ") -> - | S544: 10 | T544: 0 | U544: =IF(T544>S544,"Rectification Required"," - ") -> - | V544: 0 | W544: =IF(V544>S544,"Rectification Required"," - ") -> - | X544: 0 | Y544: =IF(X544>S544,"Rectification Required"," - ") -> - | Z544: 0 | AA544: =IF(Z544>S544,"Rectification Required"," - ") -> - | AB544: 5 | AC544: 0 | AD544: =IF(AC544>AB544,"Rectification Required"," - ") -> - | AE544: 0 | AF544: =IF(AE544>AB544,"Rectification Required"," - ") -> - | AG544: 60 | AH544: 0 | AI544: =IF(AH544>AB544,"Rectification Required"," - ") -> - | AJ544: 0 | AK544: =IF(AJ544>AB544,"Rectification Required"," - ") -> - | AL544: 10 | AM544: 0 | AN544: =IF(AM544>AL544,"Rectification Required"," - ") -> - | AO544: 0 | AP544: =IF(AO544>AL544,"Rectification Required"," - ") -> - | AQ544: 0 | AR544: =IF(AQ544>AL544,"Rectification Required"," - ") -> - | AS544: 0 | AT544: =IF(AS544>AL544,"Rectification Required"," - ") -> -
A545: NH-65 | B545: 303100 | C545: 303200 | D545: =C545-B545 -> 100 | F545: 2500 | G545: 0 | H545: =630*G545^1.12 -> 0 | I545: =IF(H545>F545,"Rectification Required"," - ") -> - | J545: 0 | K545: =630*J545^1.12 -> 0 | L545: =IF(K545>F545,"Rectification Required"," - ") -> - | M545: 0 | N545: =630*M545^1.12 -> 0 | O545: =IF(N545>F545,"Rectification Required"," - ") -> - | P545: 0 | Q545: =630*P545^1.12 -> 0 | R545: =IF(Q545>F545,"Rectification Required"," - ") -> - | S545: 10 | T545: 0 | U545: =IF(T545>S545,"Rectification Required"," - ") -> - | V545: 0 | W545: =IF(V545>S545,"Rectification Required"," - ") -> - | X545: 0 | Y545: =IF(X545>S545,"Rectification Required"," - ") -> - | Z545: 0 | AA545: =IF(Z545>S545,"Rectification Required"," - ") -> - | AB545: 5 | AC545: 0 | AD545: =IF(AC545>AB545,"Rectification Required"," - ") -> - | AE545: 0 | AF545: =IF(AE545>AB545,"Rectification Required"," - ") -> - | AG545: 59 | AH545: 0 | AI545: =IF(AH545>AB545,"Rectification Required"," - ") -> - | AJ545: 0 | AK545: =IF(AJ545>AB545,"Rectification Required"," - ") -> - | AL545: 10 | AM545: 0 | AN545: =IF(AM545>AL545,"Rectification Required"," - ") -> - | AO545: 0 | AP545: =IF(AO545>AL545,"Rectification Required"," - ") -> - | AQ545: 0 | AR545: =IF(AQ545>AL545,"Rectification Required"," - ") -> - | AS545: 0 | AT545: =IF(AS545>AL545,"Rectification Required"," - ") -> -
A546: NH-65 | B546: 303200 | C546: 303300 | D546: =C546-B546 -> 100 | F546: 2500 | G546: 0 | H546: =630*G546^1.12 -> 0 | I546: =IF(H546>F546,"Rectification Required"," - ") -> - | J546: 0 | K546: =630*J546^1.12 -> 0 | L546: =IF(K546>F546,"Rectification Required"," - ") -> - | M546: 0 | N546: =630*M546^1.12 -> 0 | O546: =IF(N546>F546,"Rectification Required"," - ") -> - | P546: 0 | Q546: =630*P546^1.12 -> 0 | R546: =IF(Q546>F546,"Rectification Required"," - ") -> - | S546: 10 | T546: 0 | U546: =IF(T546>S546,"Rectification Required"," - ") -> - | V546: 0 | W546: =IF(V546>S546,"Rectification Required"," - ") -> - | X546: 0 | Y546: =IF(X546>S546,"Rectification Required"," - ") -> - | Z546: 0 | AA546: =IF(Z546>S546,"Rectification Required"," - ") -> - | AB546: 5 | AC546: 0 | AD546: =IF(AC546>AB546,"Rectification Required"," - ") -> - | AE546: 0 | AF546: =IF(AE546>AB546,"Rectification Required"," - ") -> - | AG546: 58 | AH546: 0 | AI546: =IF(AH546>AB546,"Rectification Required"," - ") -> - | AJ546: 0 | AK546: =IF(AJ546>AB546,"Rectification Required"," - ") -> - | AL546: 10 | AM546: 0 | AN546: =IF(AM546>AL546,"Rectification Required"," - ") -> - | AO546: 0 | AP546: =IF(AO546>AL546,"Rectification Required"," - ") -> - | AQ546: 0 | AR546: =IF(AQ546>AL546,"Rectification Required"," - ") -> - | AS546: 0 | AT546: =IF(AS546>AL546,"Rectification Required"," - ") -> -
A547: NH-65 | B547: 303300 | C547: 303400 | D547: =C547-B547 -> 100 | F547: 2500 | G547: 0 | H547: =630*G547^1.12 -> 0 | I547: =IF(H547>F547,"Rectification Required"," - ") -> - | J547: 0 | K547: =630*J547^1.12 -> 0 | L547: =IF(K547>F547,"Rectification Required"," - ") -> - | M547: 0 | N547: =630*M547^1.12 -> 0 | O547: =IF(N547>F547,"Rectification Required"," - ") -> - | P547: 0 | Q547: =630*P547^1.12 -> 0 | R547: =IF(Q547>F547,"Rectification Required"," - ") -> - | S547: 10 | T547: 0 | U547: =IF(T547>S547,"Rectification Required"," - ") -> - | V547: 0 | W547: =IF(V547>S547,"Rectification Required"," - ") -> - | X547: 0 | Y547: =IF(X547>S547,"Rectification Required"," - ") -> - | Z547: 0 | AA547: =IF(Z547>S547,"Rectification Required"," - ") -> - | AB547: 5 | AC547: 0 | AD547: =IF(AC547>AB547,"Rectification Required"," - ") -> - | AE547: 0 | AF547: =IF(AE547>AB547,"Rectification Required"," - ") -> - | AG547: 57 | AH547: 0 | AI547: =IF(AH547>AB547,"Rectification Required"," - ") -> - | AJ547: 0 | AK547: =IF(AJ547>AB547,"Rectification Required"," - ") -> - | AL547: 10 | AM547: 0 | AN547: =IF(AM547>AL547,"Rectification Required"," - ") -> - | AO547: 0 | AP547: =IF(AO547>AL547,"Rectification Required"," - ") -> - | AQ547: 0 | AR547: =IF(AQ547>AL547,"Rectification Required"," - ") -> - | AS547: 0 | AT547: =IF(AS547>AL547,"Rectification Required"," - ") -> -
A548: NH-65 | B548: 303400 | C548: 303500 | D548: =C548-B548 -> 100 | F548: 2500 | G548: 0 | H548: =630*G548^1.12 -> 0 | I548: =IF(H548>F548,"Rectification Required"," - ") -> - | J548: 0 | K548: =630*J548^1.12 -> 0 | L548: =IF(K548>F548,"Rectification Required"," - ") -> - | M548: 0 | N548: =630*M548^1.12 -> 0 | O548: =IF(N548>F548,"Rectification Required"," - ") -> - | P548: 0 | Q548: =630*P548^1.12 -> 0 | R548: =IF(Q548>F548,"Rectification Required"," - ") -> - | S548: 10 | T548: 0 | U548: =IF(T548>S548,"Rectification Required"," - ") -> - | V548: 0 | W548: =IF(V548>S548,"Rectification Required"," - ") -> - | X548: 0 | Y548: =IF(X548>S548,"Rectification Required"," - ") -> - | Z548: 0 | AA548: =IF(Z548>S548,"Rectification Required"," - ") -> - | AB548: 5 | AC548: 0 | AD548: =IF(AC548>AB548,"Rectification Required"," - ") -> - | AE548: 0 | AF548: =IF(AE548>AB548,"Rectification Required"," - ") -> - | AG548: 56 | AH548: 0 | AI548: =IF(AH548>AB548,"Rectification Required"," - ") -> - | AJ548: 0 | AK548: =IF(AJ548>AB548,"Rectification Required"," - ") -> - | AL548: 10 | AM548: 0 | AN548: =IF(AM548>AL548,"Rectification Required"," - ") -> - | AO548: 0 | AP548: =IF(AO548>AL548,"Rectification Required"," - ") -> - | AQ548: 0 | AR548: =IF(AQ548>AL548,"Rectification Required"," - ") -> - | AS548: 0 | AT548: =IF(AS548>AL548,"Rectification Required"," - ") -> -
... A594: NH-65 | B594: 308000 | C594: 308100 | D594: =C594-B594 -> 100 | F594: 2500 | G594: 2.295 | H594: =630*G594^1.12 -> 1597.4128 | I594: =IF(H594>F594,"Rectification Required"," - ") -> - | J594: 4.915 | K594: =630*J594^1.12 -> 3748.4083 | L594: =IF(K594>F594,"Rectification Required"," - ") -> Rectification Required | M594: 2.11 | N594: =630*M594^1.12 -> 1453.9079 | O594: =IF(N594>F594,"Rectification Required"," - ") -> - | P594: 2.25 | Q594: =630*P594^1.12 -> 1562.3739 | R594: =IF(Q594>F594,"Rectification Required"," - ") -> - | S594: 10 | T594: 5.15 | U594: =IF(T594>S594,"Rectification Required"," - ") -> - | V594: 5.6 | W594: =IF(V594>S594,"Rectification Required"," - ") -> - | X594: 4.3 | Y594: =IF(X594>S594,"Rectification Required"," - ") -> - | Z594: 3.25 | AA594: =IF(Z594>S594,"Rectification Required"," - ") -> - | AB594: 5 | AC594: 2.822732 | AD594: =IF(AC594>AB594,"Rectification Required"," - ") -> - | AE594: 6.167138 | AF594: =IF(AE594>AB594,"Rectification Required"," - ") -> Rectification Required | AG594: 10 | AH594: 0.25520171 | AI594: =IF(AH594>AB594,"Rectification Required"," - ") -> - | AJ594: 1.039126 | AK594: =IF(AJ594>AB594,"Rectification Required"," - ") -> - | AL594: 10 | AM594: 18.408 | AN594: =IF(AM594>AL594,"Rectification Required"," - ") -> Rectification Required | AO594: 22.096 | AP594: =IF(AO594>AL594,"Rectification Required"," - ") -> Rectification Required | AQ594: 30.851 | AR594: =IF(AQ594>AL594,"Rectification Required"," - ") -> Rectification Required | AS594: 40.53 | AT594: =IF(AS594>AL594,"Rectification Required"," - ") -> Rectification Required
A595: NH-65 | B595: 308100 | C595: 308200 | D595: =C595-B595 -> 100 | F595: 2500 | G595: 1.785 | H595: =630*G595^1.12 -> 1205.5226 | I595: =IF(H595>F595,"Rectification Required"," - ") -> - | J595: 2.74 | K595: =630*J595^1.12 -> 1948.1446 | L595: =IF(K595>F595,"Rectification Required"," - ") -> - | M595: UC | N595: =630*M595^1.12 -> #VALUE! | O595: =IF(N595>F595,"Rectification Required"," - ") -> #VALUE! | P595: UC | Q595: =630*P595^1.12 -> #VALUE! | R595: =IF(Q595>F595,"Rectification Required"," - ") -> #VALUE! | S595: 10 | T595: 4.35 | U595: =IF(T595>S595,"Rectification Required"," - ") -> - | V595: 6.65 | W595: =IF(V595>S595,"Rectification Required"," - ") -> - | X595: 0 | Y595: =IF(X595>S595,"Rectification Required"," - ") -> - | Z595: 0 | AA595: =IF(Z595>S595,"Rectification Required"," - ") -> - | AB595: 5 | AC595: 1.0156089 | AD595: =IF(AC595>AB595,"Rectification Required"," - ") -> - | AE595: 1.3864997 | AF595: =IF(AE595>AB595,"Rectification Required"," - ") -> - | AG595: 9 | AH595: 0 | AI595: =IF(AH595>AB595,"Rectification Required"," - ") -> - | AJ595: 0 | AK595: =IF(AJ595>AB595,"Rectification Required"," - ") -> - | AL595: 10 | AM595: 15.383 | AN595: =IF(AM595>AL595,"Rectification Required"," - ") -> Rectification Required | AO595: 13.367 | AP595: =IF(AO595>AL595,"Rectification Required"," - ") -> Rectification Required | AQ595: 12.08 | AR595: =IF(AQ595>AL595,"Rectification Required"," - ") -> Rectification Required | AS595: 17.377 | AT595: =IF(AS595>AL595,"Rectification Required"," - ") -> Rectification Required
A596: NH-65 | B596: 308200 | C596: 308300 | D596: =C596-B596 -> 100 | F596: 2500 | G596: 0 | H596: =630*G596^1.12 -> 0 | I596: =IF(H596>F596,"Rectification Required"," - ") -> - | J596: 0 | K596: =630*J596^1.12 -> 0 | L596: =IF(K596>F596,"Rectification Required"," - ") -> - | M596: 0 | N596: =630*M596^1.12 -> 0 | O596: =IF(N596>F596,"Rectification Required"," - ") -> - | P596: 0 | Q596: =630*P596^1.12 -> 0 | R596: =IF(Q596>F596,"Rectification Required"," - ") -> - | S596: 10 | T596: 0 | U596: =IF(T596>S596,"Rectification Required"," - ") -> - | V596: 0 | W596: =IF(V596>S596,"Rectification Required"," - ") -> - | X596: 0 | Y596: =IF(X596>S596,"Rectification Required"," - ") -> - | Z596: 0 | AA596: =IF(Z596>S596,"Rectification Required"," - ") -> - | AB596: 5 | AC596: 0 | AD596: =IF(AC596>AB596,"Rectification Required"," - ") -> - | AE596: 0 | AF596: =IF(AE596>AB596,"Rectification Required"," - ") -> - | AG596: 8 | AH596: 0 | AI596: =IF(AH596>AB596,"Rectification Required"," - ") -> - | AJ596: 0 | AK596: =IF(AJ596>AB596,"Rectification Required"," - ") -> - | AL596: 10 | AM596: 0 | AN596: =IF(AM596>AL596,"Rectification Required"," - ") -> - | AO596: 0 | AP596: =IF(AO596>AL596,"Rectification Required"," - ") -> - | AQ596: 0 | AR596: =IF(AQ596>AL596,"Rectification Required"," - ") -> - | AS596: 0 | AT596: =IF(AS596>AL596,"Rectification Required"," - ") -> -
A597: NH-65 | B597: 308300 | C597: 308400 | D597: =C597-B597 -> 100 | F597: 2500 | G597: 0 | H597: =630*G597^1.12 -> 0 | I597: =IF(H597>F597,"Rectification Required"," - ") -> - | J597: 0 | K597: =630*J597^1.12 -> 0 | L597: =IF(K597>F597,"Rectification Required"," - ") -> - | M597: 0 | N597: =630*M597^1.12 -> 0 | O597: =IF(N597>F597,"Rectification Required"," - ") -> - | P597: 0 | Q597: =630*P597^1.12 -> 0 | R597: =IF(Q597>F597,"Rectification Required"," - ") -> - | S597: 10 | T597: 0 | U597: =IF(T597>S597,"Rectification Required"," - ") -> - | V597: 0 | W597: =IF(V597>S597,"Rectification Required"," - ") -> - | X597: 0 | Y597: =IF(X597>S597,"Rectification Required"," - ") -> - | Z597: 0 | AA597: =IF(Z597>S597,"Rectification Required"," - ") -> - | AB597: 5 | AC597: 0 | AD597: =IF(AC597>AB597,"Rectification Required"," - ") -> - | AE597: 0 | AF597: =IF(AE597>AB597,"Rectification Required"," - ") -> - | AG597: 7 | AH597: 0 | AI597: =IF(AH597>AB597,"Rectification Required"," - ") -> - | AJ597: 0 | AK597: =IF(AJ597>AB597,"Rectification Required"," - ") -> - | AL597: 10 | AM597: 0 | AN597: =IF(AM597>AL597,"Rectification Required"," - ") -> - | AO597: 0 | AP597: =IF(AO597>AL597,"Rectification Required"," - ") -> - | AQ597: 0 | AR597: =IF(AQ597>AL597,"Rectification Required"," - ") -> - | AS597: 0 | AT597: =IF(AS597>AL597,"Rectification Required"," - ") -> -
A598: NH-65 | B598: 308400 | C598: 308500 | D598: =C598-B598 -> 100 | F598: 2500 | G598: 0 | H598: =630*G598^1.12 -> 0 | I598: =IF(H598>F598,"Rectification Required"," - ") -> - | J598: 0 | K598: =630*J598^1.12 -> 0 | L598: =IF(K598>F598,"Rectification Required"," - ") -> - | M598: 0 | N598: =630*M598^1.12 -> 0 | O598: =IF(N598>F598,"Rectification Required"," - ") -> - | P598: 0 | Q598: =630*P598^1.12 -> 0 | R598: =IF(Q598>F598,"Rectification Required"," - ") -> - | S598: 10 | T598: 0 | U598: =IF(T598>S598,"Rectification Required"," - ") -> - | V598: 0 | W598: =IF(V598>S598,"Rectification Required"," - ") -> - | X598: 0 | Y598: =IF(X598>S598,"Rectification Required"," - ") -> - | Z598: 0 | AA598: =IF(Z598>S598,"Rectification Required"," - ") -> - | AB598: 5 | AC598: 0 | AD598: =IF(AC598>AB598,"Rectification Required"," - ") -> - | AE598: 0 | AF598: =IF(AE598>AB598,"Rectification Required"," - ") -> - | AG598: 6 | AH598: 0 | AI598: =IF(AH598>AB598,"Rectification Required"," - ") -> - | AJ598: 0 | AK598: =IF(AJ598>AB598,"Rectification Required"," - ") -> - | AL598: 10 | AM598: 0 | AN598: =IF(AM598>AL598,"Rectification Required"," - ") -> - | AO598: 0 | AP598: =IF(AO598>AL598,"Rectification Required"," - ") -> - | AQ598: 0 | AR598: =IF(AQ598>AL598,"Rectification Required"," - ") -> - | AS598: 0 | AT598: =IF(AS598>AL598,"Rectification Required"," - ") -> -
A599: NH-65 | B599: 308500 | C599: 308600 | D599: =C599-B599 -> 100 | F599: 2500 | G599: 0 | H599: =630*G599^1.12 -> 0 | I599: =IF(H599>F599,"Rectification Required"," - ") -> - | J599: 0 | K599: =630*J599^1.12 -> 0 | L599: =IF(K599>F599,"Rectification Required"," - ") -> - | M599: 0 | N599: =630*M599^1.12 -> 0 | O599: =IF(N599>F599,"Rectification Required"," - ") -> - | P599: 0 | Q599: =630*P599^1.12 -> 0 | R599: =IF(Q599>F599,"Rectification Required"," - ") -> - | S599: 10 | T599: 0 | U599: =IF(T599>S599,"Rectification Required"," - ") -> - | V599: 0 | W599: =IF(V599>S599,"Rectification Required"," - ") -> - | X599: 0 | Y599: =IF(X599>S599,"Rectification Required"," - ") -> - | Z599: 0 | AA599: =IF(Z599>S599,"Rectification Required"," - ") -> - | AB599: 5 | AC599: 0 | AD599: =IF(AC599>AB599,"Rectification Required"," - ") -> - | AE599: 0 | AF599: =IF(AE599>AB599,"Rectification Required"," - ") -> - | AG599: 5 | AH599: 0 | AI599: =IF(AH599>AB599,"Rectification Required"," - ") -> - | AJ599: 0 | AK599: =IF(AJ599>AB599,"Rectification Required"," - ") -> - | AL599: 10 | AM599: 0 | AN599: =IF(AM599>AL599,"Rectification Required"," - ") -> - | AO599: 0 | AP599: =IF(AO599>AL599,"Rectification Required"," - ") -> - | AQ599: 0 | AR599: =IF(AQ599>AL599,"Rectification Required"," - ") -> - | AS599: 0 | AT599: =IF(AS599>AL599,"Rectification Required"," - ") -> -
A600: NH-65 | B600: 308600 | C600: 308700 | D600: =C600-B600 -> 100 | F600: 2500 | G600: 0 | H600: =630*G600^1.12 -> 0 | I600: =IF(H600>F600,"Rectification Required"," - ") -> - | J600: 0 | K600: =630*J600^1.12 -> 0 | L600: =IF(K600>F600,"Rectification Required"," - ") -> - | M600: 0 | N600: =630*M600^1.12 -> 0 | O600: =IF(N600>F600,"Rectification Required"," - ") -> - | P600: 0 | Q600: =630*P600^1.12 -> 0 | R600: =IF(Q600>F600,"Rectification Required"," - ") -> - | S600: 10 | T600: 0 | U600: =IF(T600>S600,"Rectification Required"," - ") -> - | V600: 0 | W600: =IF(V600>S600,"Rectification Required"," - ") -> - | X600: 0 | Y600: =IF(X600>S600,"Rectification Required"," - ") -> - | Z600: 0 | AA600: =IF(Z600>S600,"Rectification Required"," - ") -> - | AB600: 5 | AC600: 0 | AD600: =IF(AC600>AB600,"Rectification Required"," - ") -> - | AE600: 0 | AF600: =IF(AE600>AB600,"Rectification Required"," - ") -> - | AG600: 4 | AH600: 0 | AI600: =IF(AH600>AB600,"Rectification Required"," - ") -> - | AJ600: 0 | AK600: =IF(AJ600>AB600,"Rectification Required"," - ") -> - | AL600: 10 | AM600: 0 | AN600: =IF(AM600>AL600,"Rectification Required"," - ") -> - | AO600: 0 | AP600: =IF(AO600>AL600,"Rectification Required"," - ") -> - | AQ600: 0 | AR600: =IF(AQ600>AL600,"Rectification Required"," - ") -> - | AS600: 0 | AT600: =IF(AS600>AL600,"Rectification Required"," - ") -> -
A601: NH-65 | B601: 308700 | C601: 308800 | D601: =C601-B601 -> 100 | F601: 2500 | G601: 0 | H601: =630*G601^1.12 -> 0 | I601: =IF(H601>F601,"Rectification Required"," - ") -> - | J601: 0 | K601: =630*J601^1.12 -> 0 | L601: =IF(K601>F601,"Rectification Required"," - ") -> - | M601: 0 | N601: =630*M601^1.12 -> 0 | O601: =IF(N601>F601,"Rectification Required"," - ") -> - | P601: 0 | Q601: =630*P601^1.12 -> 0 | R601: =IF(Q601>F601,"Rectification Required"," - ") -> - | S601: 10 | T601: 0 | U601: =IF(T601>S601,"Rectification Required"," - ") -> - | V601: 0 | W601: =IF(V601>S601,"Rectification Required"," - ") -> - | X601: 0 | Y601: =IF(X601>S601,"Rectification Required"," - ") -> - | Z601: 0 | AA601: =IF(Z601>S601,"Rectification Required"," - ") -> - | AB601: 5 | AC601: 0 | AD601: =IF(AC601>AB601,"Rectification Required"," - ") -> - | AE601: 0 | AF601: =IF(AE601>AB601,"Rectification Required"," - ") -> - | AG601: 3 | AH601: 0 | AI601: =IF(AH601>AB601,"Rectification Required"," - ") -> - | AJ601: 0 | AK601: =IF(AJ601>AB601,"Rectification Required"," - ") -> - | AL601: 10 | AM601: 0 | AN601: =IF(AM601>AL601,"Rectification Required"," - ") -> - | AO601: 0 | AP601: =IF(AO601>AL601,"Rectification Required"," - ") -> - | AQ601: 0 | AR601: =IF(AQ601>AL601,"Rectification Required"," - ") -> - | AS601: 0 | AT601: =IF(AS601>AL601,"Rectification Required"," - ") -> -
A602: NH-65 | B602: 308800 | C602: 308900 | D602: =C602-B602 -> 100 | F602: 2500 | G602: 0 | H602: =630*G602^1.12 -> 0 | I602: =IF(H602>F602,"Rectification Required"," - ") -> - | J602: 0 | K602: =630*J602^1.12 -> 0 | L602: =IF(K602>F602,"Rectification Required"," - ") -> - | M602: 0 | N602: =630*M602^1.12 -> 0 | O602: =IF(N602>F602,"Rectification Required"," - ") -> - | P602: 0 | Q602: =630*P602^1.12 -> 0 | R602: =IF(Q602>F602,"Rectification Required"," - ") -> - | S602: 10 | T602: 0 | U602: =IF(T602>S602,"Rectification Required"," - ") -> - | V602: 0 | W602: =IF(V602>S602,"Rectification Required"," - ") -> - | X602: 0 | Y602: =IF(X602>S602,"Rectification Required"," - ") -> - | Z602: 0 | AA602: =IF(Z602>S602,"Rectification Required"," - ") -> - | AB602: 5 | AC602: 0 | AD602: =IF(AC602>AB602,"Rectification Required"," - ") -> - | AE602: 0 | AF602: =IF(AE602>AB602,"Rectification Required"," - ") -> - | AG602: 2 | AH602: 0 | AI602: =IF(AH602>AB602,"Rectification Required"," - ") -> - | AJ602: 0 | AK602: =IF(AJ602>AB602,"Rectification Required"," - ") -> - | AL602: 10 | AM602: 0 | AN602: =IF(AM602>AL602,"Rectification Required"," - ") -> - | AO602: 0 | AP602: =IF(AO602>AL602,"Rectification Required"," - ") -> - | AQ602: 0 | AR602: =IF(AQ602>AL602,"Rectification Required"," - ") -> - | AS602: 0 | AT602: =IF(AS602>AL602,"Rectification Required"," - ") -> -
A603: NH-65 | B603: 308900 | C603: 309000 | D603: =C603-B603 -> 100 | F603: 2500 | G603: 0 | H603: =630*G603^1.12 -> 0 | I603: =IF(H603>F603,"Rectification Required"," - ") -> - | J603: 0 | K603: =630*J603^1.12 -> 0 | L603: =IF(K603>F603,"Rectification Required"," - ") -> - | M603: 0 | N603: =630*M603^1.12 -> 0 | O603: =IF(N603>F603,"Rectification Required"," - ") -> - | P603: 0 | Q603: =630*P603^1.12 -> 0 | R603: =IF(Q603>F603,"Rectification Required"," - ") -> - | S603: 10 | T603: 0 | U603: =IF(T603>S603,"Rectification Required"," - ") -> - | V603: 0 | W603: =IF(V603>S603,"Rectification Required"," - ") -> - | X603: 0 | Y603: =IF(X603>S603,"Rectification Required"," - ") -> - | Z603: 0 | AA603: =IF(Z603>S603,"Rectification Required"," - ") -> - | AB603: 5 | AC603: 0 | AD603: =IF(AC603>AB603,"Rectification Required"," - ") -> - | AE603: 0 | AF603: =IF(AE603>AB603,"Rectification Required"," - ") -> - | AG603: 1 | AH603: 0 | AI603: =IF(AH603>AB603,"Rectification Required"," - ") -> - | AJ603: 0 | AK603: =IF(AJ603>AB603,"Rectification Required"," - ") -> - | AL603: 10 | AM603: 0 | AN603: =IF(AM603>AL603,"Rectification Required"," - ") -> - | AO603: 0 | AP603: =IF(AO603>AL603,"Rectification Required"," - ") -> - | AQ603: 0 | AR603: =IF(AQ603>AL603,"Rectification Required"," - ") -> - | AS603: 0 | AT603: =IF(AS603>AL603,"Rectification Required"," - ") -> -

Sheet Mar-25 Comparision with CA@100m
A1: NH Number | B1: Start Chainage | C1: End Chainage | D1: Length | E1: Structure Details | F1: Remark | G1: Limitation of BI as per MoRT&H Circular (in mm/km) | H1: L1 Lane Roughness BI (in mm/km) | I1: L2 Lane Roughness BI (in mm/km) | J1: L3 Lane Roughness BI (in mm/km) | K1: L4 Lane Roughness BI (in mm/km) | L1: R1 Lane Roughness BI (in mm/km) | M1: R2 Lane Roughness BI (in mm/km) | N1: R3 Lane Roughness BI (in mm/km) | O1: R4 Lane Roughness BI (in mm/km) | P1: Limitation of Rut Depth as per Concession Agreement (in mm) | Q1: L1 Rut Depth (in mm) | R1: L2 Rut Depth (in mm) | S1: L3 Rut Depth (in mm) | T1: L4 Rut Depth (in mm) | U1: R1 Rut Depth (in mm) | V1: R2 Rut Depth (in mm) | W1: R3 Rut Depth (in mm) | X1: R4 Rut Depth (in mm) | Y1: Limitation of Cracking as per Concession Agreement (in % area) | Z1: L1 Crack Area (in % area) | AA1: L2 Crack Area (in % area) | AB1: L3 Crack Area (in % area) | AC1: L4 Crack Area (in % area) | AD1: R1 Crack Area (in % area) | AE1: R2 Crack Area (in % area) | AF1: R3 Crack Area (in % area) | AG1: R4 Crack Area (in % area) | AH1: Limitation of Ravelling as per Concession Agreement (in % area) | AI1: L1 Area (% area) | AJ1: L2 Area (% area) | AK1: L3 Area (% area) | AL1: L4 Area (% area) | AM1: R1 Area (% area) | AN1: R2 Area (% area) | AO1: R3 Area (% area) | AP1: R4 Area (% area) | BE1: L1 Lane Roughness BI (in mm/km) | BF1: L2 Lane Roughness BI (in mm/km) | BG1: L3 Lane Roughness BI (in mm/km) | BH1: L4 Lane Roughness BI (in mm/km) | BI1: R1 Lane Roughness BI (in mm/km) | BJ1: R2 Lane Roughness BI (in mm/km) | BK1: R3 Lane Roughness BI (in mm/km) | BL1: R4 Lane Roughness BI (in mm/km) | BM1: L1 Rut Depth (in mm) | BN1: L2 Rut Depth (in mm) | BO1: L3 Rut Depth (in mm) | BP1: L4 Rut Depth (in mm) | BQ1: R1 Rut Depth (in mm) | BR1: R2 Rut Depth (in mm) | BS1: R3 Rut Depth (in mm) | BT1: R4 Rut Depth (in mm) | BU1: L1 Crack Area (in sq. m.) | BV1: L2 Crack Area (in sq. m.) | BW1: L3 Crack Area (in sq. m.) | BX1: L4 Crack Area (in sq. m.) | BY1: R1 Crack Area (in sq. m.) | BZ1: R2 Crack Area (in sq. m.) | CA1: R3 Crack Area (in sq. m.) | CB1: R4 Crack Area (in sq. m.) | CC1: L1 Area (% area) | CD1: L2 Area (% area) | CE1: L3 Area (% area) | CF1: L4 Area (% area) | CG1: R1 Area (% area) | CH1: R2 Area (% area) | CI1: R3 Area (% area) | CJ1: R4 Area (% area) | CK1: % Distress L1 | CL1: % Distress L2 | CM1: % Distress L3 | CN1: % Distress L4 | CO1: % Distress R1 | CP1: % Distress R2 | CQ1: % Distress R3 | CR1: % Distress R4
A3: NH148N | B3: 214260 | C3: 214300 | D3: =+C3-B3 -> 40 | G3: 2400 | H3: 2051.9571 | I3: 3889.6266 | J3: 3778.3168 | K3: 2309.8624 | L3: 3302.941 | M3: 1916.3197 | N3: 2132.1992 | O3: 2992.7727 | P3: 5 | Q3: 2.5 | R3: 3.5 | S3: 3.7 | T3: 3.6 | U3: 3.5 | V3: 2.8 | W3: 4.1 | X3: 3.7 | Y3: 5 | Z3: 2.5326221 | AA3: 0.0011228571 | AB3: 0 | AC3: 0.0011764286 | AD3: 0.000465 | AE3: 0.0020207143 | AF3: 0.00030357143 | AG3: 0 | AH3: 1 | AI3: 0.045714285 | AJ3: 0 | AK3: 0.032142857 | AL3: 0 | AM3: 0.03 | AN3: 0 | AO3: 0 | AP3: 0 | AR3: Lane Number | AS3: L1 | AT3: L2 | AU3: L3 | AV3: L4 | AW3: R1 | AX3: R2 | AY3: R3 | AZ3: R4 | BE3: =+IF(H3>2400,1,0) -> 0 | BF3: =+IF(I3>2400,1,0) -> 1 | BG3: =+IF(J3>2400,1,0) -> 1 | BH3: =+IF(K3>2400,1,0) -> 0 | BI3: =+IF(L3>2400,1,0) -> 1 | BJ3: =+IF(M3>2400,1,0) -> 0 | BK3: =+IF(N3>2400,1,0) -> 0 | BL3: =+IF(O3>2400,1,0) -> 1 | BM3: =+IF(Q3>5,1,0) -> 0 | BN3: =+IF(R3>5,1,0) -> 0 | BO3: =+IF(S3>5,1,0) -> 0 | BP3: =+IF(T3>5,1,0) -> 0 | BQ3: =+IF(U3>5,1,0) -> 0 | BR3: =+IF(V3>5,1,0) -> 0 | BS3: =+IF(W3>5,1,0) -> 0 | BT3: =+IF(X3>5,1,0) -> 0 | BU3: =+IF(Z3>5,1,0) -> 0 | BV3: =+IF(AA3>5,1,0) -> 0 | BW3: =+IF(AB3>5,1,0) -> 0 | BX3: =+IF(AC3>5,1,0) -> 0 | BY3: =+IF(AD3>5,1,0) -> 0 | BZ3: =+IF(AE3>5,1,0) -> 0 | CA3: =+IF(AF3>5,1,0) -> 0 | CB3: =+IF(AG3>5,1,0) -> 0 | CC3: =+IF(AI3>1,1,0) -> 0 | CD3: =+IF(AJ3>1,1,0) -> 0 | CE3: =+IF(AK3>1,1,0) -> 0 | CF3: =+IF(AL3>1,1,0) -> 0 | CG3: =+IF(AM3>1,1,0) -> 0 | CH3: =+IF(AN3>1,1,0) -> 0 | CI3: =+IF(AO3>1,1,0) -> 0 | CJ3: =+IF(AP3>1,1,0) -> 0 | CK3: =MAX(BE3,BM3,BU3,CC3)*$D3 -> 0 | CL3: =MAX(BF3,BN3,BV3,CD3)*$D3 -> 40 | CM3: =MAX(BG3,BO3,BW3,CE3)*$D3 -> 40 | CN3: =MAX(BH3,BP3,BX3,CF3)*$D3 -> 0 | CO3: =MAX(BI3,BQ3,BY3,CG3)*$D3 -> 40 | CP3: =MAX(BJ3,BR3,BZ3,CH3)*$D3 -> 0 | CQ3: =MAX(BK3,BS3,CA3,CI3)*$D3 -> 0 | CR3: =MAX(BL3,BT3,CB3,CJ3)*$D3 -> 40
A4: NH148N | B4: 214300 | C4: 214400 | D4: =+C4-B4 -> 100 | E4: Culvert | G4: 2400 | H4: 1171.5362 | I4: 992.1167 | J4: 1285.2209 | K4: 1765.9366 | L4: 2059.9664 | M4: 1515.7862 | N4: 1353.9592 | O4: 2431.8489 | P4: 5 | Q4: 3 | R4: 4.3 | S4: 3.7 | T4: 3.6 | U4: 3.3 | V4: 2.6 | W4: 2.9 | X4: 3.1 | Y4: 5 | Z4: 0.033562 | AA4: 0.011467143 | AB4: 0.0013517143 | AC4: 0.0065551429 | AD4: 0.000652 | AE4: 3.7142857e-05 | AF4: 0.0048491429 | AG4: 0.00087714286 | AH4: 1 | AI4: 0.019142857 | AJ4: 0 | AK4: 0 | AL4: 0.018 | AM4: 0 | AN4: 0 | AO4: 0 | AP4: 0.0051428571 | AR4: Average Lane Roughness BI in mm/km | AS4: =AVERAGE(H:H) -> 1247.7515 | AT4: =AVERAGE(I:I) -> 1133.4363 | AU4: =AVERAGE(J:J) -> 1272.9031 | AV4: =AVERAGE(K:K) -> 1442.5577 | AW4: =AVERAGE(L:L) -> 1308.2781 | AX4: =AVERAGE(M:M) -> 1213.0137 | AY4: =AVERAGE(N:N) -> 1310.2708 | AZ4: =AVERAGE(O:O) -> 1469.7161 | BE4: =+IF(H4>2400,1,0) -> 0 | BF4: =+IF(I4>2400,1,0) -> 0 | BG4: =+IF(J4>2400,1,0) -> 0 | BH4: =+IF(K4>2400,1,0) -> 0 | BI4: =+IF(L4>2400,1,0) -> 0 | BJ4: =+IF(M4>2400,1,0) -> 0 | BK4: =+IF(N4>2400,1,0) -> 0 | BL4: =+IF(O4>2400,1,0) -> 1 | BM4: =+IF(Q4>5,1,0) -> 0 | BN4: =+IF(R4>5,1,0) -> 0 | BO4: =+IF(S4>5,1,0) -> 0 | BP4: =+IF(T4>5,1,0) -> 0 | BQ4: =+IF(U4>5,1,0) -> 0 | BR4: =+IF(V4>5,1,0) -> 0 | BS4: =+IF(W4>5,1,0) -> 0 | BT4: =+IF(X4>5,1,0) -> 0 | BU4: =+IF(Z4>5,1,0) -> 0 | BV4: =+IF(AA4>5,1,0) -> 0 | BW4: =+IF(AB4>5,1,0) -> 0 | BX4: =+IF(AC4>5,1,0) -> 0 | BY4: =+IF(AD4>5,1,0) -> 0 | BZ4: =+IF(AE4>5,1,0) -> 0 | CA4: =+IF(AF4>5,1,0) -> 0 | CB4: =+IF(AG4>5,1,0) -> 0 | CC4: =+IF(AI4>1,1,0) -> 0 | CD4: =+IF(AJ4>1,1,0) -> 0 | CE4: =+IF(AK4>1,1,0) -> 0 | CF4: =+IF(AL4>1,1,0) -> 0 | CG4: =+IF(AM4>1,1,0) -> 0 | CH4: =+IF(AN4>1,1,0) -> 0 | CI4: =+IF(AO4>1,1,0) -> 0 | CJ4: =+IF(AP4>1,1,0) -> 0 | CK4: =MAX(BE4,BM4,BU4,CC4)*$D4 -> 0 | CL4: =MAX(BF4,BN4,BV4,CD4)*$D4 -> 0 | CM4: =MAX(BG4,BO4,BW4,CE4)*$D4 -> 0 | CN4: =MAX(BH4,BP4,BX4,CF4)*$D4 -> 0 | CO4: =MAX(BI4,BQ4,BY4,CG4)*$D4 -> 0 | CP4: =MAX(BJ4,BR4,BZ4,CH4)*$D4 -> 0 | CQ4: =MAX(BK4,BS4,CA4,CI4)*$D4 -> 0 | CR4: =MAX(BL4,BT4,CB4,CJ4)*$D4 -> 100
A5: NH148N | B5: 214400 | C5: 214500 | D5: =+C5-B5 -> 100 | G5: 2400 | H5: 1156.4648 | I5: 1209.3053 | J5: 1141.4144 | K5: 1562.3739 | L5: 1995.9862 | M5: 2245.0819 | N5: 1932.2251 | O5: 2011.961 | P5: 5 | Q5: 4.4 | R5: 4.6 | S5: 2.7 | T5: 4.3 | U5: 3.5 | V5: 2.5 | W5: 2.6 | X5: 2.6 | Y5: 5 | Z5: 0.91297143 | AA5: 0.0039428571 | AB5: 0.00061914286 | AC5: 0.0040282857 | AD5: 0.56762829 | AE5: 0.20907429 | AF5: 0.0083317143 | AG5: 0.60389 | AH5: 1 | AI5: 0.068 | AJ5: 0 | AK5: 0.0042857143 | AL5: 0.006 | AM5: 0 | AN5: 0.0065714286 | AO5: 0 | AP5: 0.0045714286 | AR5: Rectification Length in m | AS5: =SUMIF(H:H,">2400",$D:$D) -> 800 | AT5: =SUMIF(I:I,">2400",$D:$D) -> 440 | AU5: =SUMIF(J:J,">2400",$D:$D) -> 440 | AV5: =SUMIF(K:K,">2400",$D:$D) -> 600 | AW5: =SUMIF(L:L,">2400",$D:$D) -> 1040 | AX5: =SUMIF(M:M,">2400",$D:$D) -> 1100 | AY5: =SUMIF(N:N,">2400",$D:$D) -> 610 | AZ5: =SUMIF(O:O,">2400",$D:$D) -> 1340 | BE5: =+IF(H5>2400,1,0) -> 0 | BF5: =+IF(I5>2400,1,0) -> 0 | BG5: =+IF(J5>2400,1,0) -> 0 | BH5: =+IF(K5>2400,1,0) -> 0 | BI5: =+IF(L5>2400,1,0) -> 0 | BJ5: =+IF(M5>2400,1,0) -> 0 | BK5: =+IF(N5>2400,1,0) -> 0 | BL5: =+IF(O5>2400,1,0) -> 0 | BM5: =+IF(Q5>5,1,0) -> 0 | BN5: =+IF(R5>5,1,0) -> 0 | BO5: =+IF(S5>5,1,0) -> 0 | BP5: =+IF(T5>5,1,0) -> 0 | BQ5: =+IF(U5>5,1,0) -> 0 | BR5: =+IF(V5>5,1,0) -> 0 | BS5: =+IF(W5>5,1,0) -> 0 | BT5: =+IF(X5>5,1,0) -> 0 | BU5: =+IF(Z5>5,1,0) -> 0 | BV5: =+IF(AA5>5,1,0) -> 0 | BW5: =+IF(AB5>5,1,0) -> 0 | BX5: =+IF(AC5>5,1,0) -> 0 | BY5: =+IF(AD5>5,1,0) -> 0 | BZ5: =+IF(AE5>5,1,0) -> 0 | CA5: =+IF(AF5>5,1,0) -> 0 | CB5: =+IF(AG5>5,1,0) -> 0 | CC5: =+IF(AI5>1,1,0) -> 0 | CD5: =+IF(AJ5>1,1,0) -> 0 | CE5: =+IF(AK5>1,1,0) -> 0 | CF5: =+IF(AL5>1,1,0) -> 0 | CG5: =+IF(AM5>1,1,0) -> 0 | CH5: =+IF(AN5>1,1,0) -> 0 | CI5: =+IF(AO5>1,1,0) -> 0 | CJ5: =+IF(AP5>1,1,0) -> 0 | CK5: =MAX(BE5,BM5,BU5,CC5)*$D5 -> 0 | CL5: =MAX(BF5,BN5,BV5,CD5)*$D5 -> 0 | CM5: =MAX(BG5,BO5,BW5,CE5)*$D5 -> 0 | CN5: =MAX(BH5,BP5,BX5,CF5)*$D5 -> 0 | CO5: =MAX(BI5,BQ5,BY5,CG5)*$D5 -> 0 | CP5: =MAX(BJ5,BR5,BZ5,CH5)*$D5 -> 0 | CQ5: =MAX(BK5,BS5,CA5,CI5)*$D5 -> 0 | CR5: =MAX(BL5,BT5,CB5,CJ5)*$D5 -> 0
A6: NH148N | B6: 214500 | C6: 214600 | D6: =+C6-B6 -> 100 | E6: MNB | G6: 2400 | H6: 2710.754 | I6: 2456.3262 | J6: 2100.0628 | K6: 2220.8404 | L6: 1477.0799 | M6: 1781.7039 | N6: 1734.4474 | O6: 1813.2832 | P6: 5 | Q6: 3.1 | R6: 4 | S6: 2.8 | T6: 3.3 | U6: 4.3 | V6: 3.7 | W6: 2.5 | X6: 3.9 | Y6: 5 | Z6: 0.77379971 | AA6: 0.0035077143 | AB6: 0.476042 | AC6: 0.5426 | AD6: 0.59550886 | AE6: 0.70140057 | AF6: 0.13068371 | AG6: 0.65611 | AH6: 1 | AI6: 0.073428571 | AJ6: 0.013714286 | AK6: 0 | AL6: 0.00085714286 | AM6: 0 | AN6: 0 | AO6: 0.002 | AP6: 0 | BE6: =+IF(H6>2400,1,0) -> 1 | BF6: =+IF(I6>2400,1,0) -> 1 | BG6: =+IF(J6>2400,1,0) -> 0 | BH6: =+IF(K6>2400,1,0) -> 0 | BI6: =+IF(L6>2400,1,0) -> 0 | BJ6: =+IF(M6>2400,1,0) -> 0 | BK6: =+IF(N6>2400,1,0) -> 0 | BL6: =+IF(O6>2400,1,0) -> 0 | BM6: =+IF(Q6>5,1,0) -> 0 | BN6: =+IF(R6>5,1,0) -> 0 | BO6: =+IF(S6>5,1,0) -> 0 | BP6: =+IF(T6>5,1,0) -> 0 | BQ6: =+IF(U6>5,1,0) -> 0 | BR6: =+IF(V6>5,1,0) -> 0 | BS6: =+IF(W6>5,1,0) -> 0 | BT6: =+IF(X6>5,1,0) -> 0 | BU6: =+IF(Z6>5,1,0) -> 0 | BV6: =+IF(AA6>5,1,0) -> 0 | BW6: =+IF(AB6>5,1,0) -> 0 | BX6: =+IF(AC6>5,1,0) -> 0 | BY6: =+IF(AD6>5,1,0) -> 0 | BZ6: =+IF(AE6>5,1,0) -> 0 | CA6: =+IF(AF6>5,1,0) -> 0 | CB6: =+IF(AG6>5,1,0) -> 0 | CC6: =+IF(AI6>1,1,0) -> 0 | CD6: =+IF(AJ6>1,1,0) -> 0 | CE6: =+IF(AK6>1,1,0) -> 0 | CF6: =+IF(AL6>1,1,0) -> 0 | CG6: =+IF(AM6>1,1,0) -> 0 | CH6: =+IF(AN6>1,1,0) -> 0 | CI6: =+IF(AO6>1,1,0) -> 0 | CJ6: =+IF(AP6>1,1,0) -> 0 | CK6: =MAX(BE6,BM6,BU6,CC6)*$D6 -> 100 | CL6: =MAX(BF6,BN6,BV6,CD6)*$D6 -> 100 | CM6: =MAX(BG6,BO6,BW6,CE6)*$D6 -> 0 | CN6: =MAX(BH6,BP6,BX6,CF6)*$D6 -> 0 | CO6: =MAX(BI6,BQ6,BY6,CG6)*$D6 -> 0 | CP6: =MAX(BJ6,BR6,BZ6,CH6)*$D6 -> 0 | CQ6: =MAX(BK6,BS6,CA6,CI6)*$D6 -> 0 | CR6: =MAX(BL6,BT6,CB6,CJ6)*$D6 -> 0
A7: NH148N | B7: 214600 | C7: 214700 | D7: =+C7-B7 -> 100 | G7: 2400 | H7: 2334.2057 | I7: 1980.0252 | J7: 1750.1844 | K7: 2067.979 | L7: 2374.8382 | M7: 2669.5372 | N7: 2212.7662 | O7: 2497.1797 | P7: 5 | Q7: 3.2 | R7: 4.1 | S7: 2 | T7: 4.3 | U7: 4 | V7: 3.7 | W7: 2.4 | X7: 2.9 | Y7: 5 | Z7: 1.5569411 | AA7: 0.95032657 | AB7: 0.36769229 | AC7: 0.53234343 | AD7: 0.51180686 | AE7: 0.13892686 | AF7: 0.0087042857 | AG7: 0.0079377143 | AH7: 1 | AI7: 0.022571429 | AJ7: 0 | AK7: 0.11714286 | AL7: 0 | AM7: 0.013428571 | AN7: 0.0054285714 | AO7: 0.002 | AP7: 0.042571429 | BE7: =+IF(H7>2400,1,0) -> 0 | BF7: =+IF(I7>2400,1,0) -> 0 | BG7: =+IF(J7>2400,1,0) -> 0 | BH7: =+IF(K7>2400,1,0) -> 0 | BI7: =+IF(L7>2400,1,0) -> 0 | BJ7: =+IF(M7>2400,1,0) -> 1 | BK7: =+IF(N7>2400,1,0) -> 0 | BL7: =+IF(O7>2400,1,0) -> 1 | BM7: =+IF(Q7>5,1,0) -> 0 | BN7: =+IF(R7>5,1,0) -> 0 | BO7: =+IF(S7>5,1,0) -> 0 | BP7: =+IF(T7>5,1,0) -> 0 | BQ7: =+IF(U7>5,1,0) -> 0 | BR7: =+IF(V7>5,1,0) -> 0 | BS7: =+IF(W7>5,1,0) -> 0 | BT7: =+IF(X7>5,1,0) -> 0 | BU7: =+IF(Z7>5,1,0) -> 0 | BV7: =+IF(AA7>5,1,0) -> 0 | BW7: =+IF(AB7>5,1,0) -> 0 | BX7: =+IF(AC7>5,1,0) -> 0 | BY7: =+IF(AD7>5,1,0) -> 0 | BZ7: =+IF(AE7>5,1,0) -> 0 | CA7: =+IF(AF7>5,1,0) -> 0 | CB7: =+IF(AG7>5,1,0) -> 0 | CC7: =+IF(AI7>1,1,0) -> 0 | CD7: =+IF(AJ7>1,1,0) -> 0 | CE7: =+IF(AK7>1,1,0) -> 0 | CF7: =+IF(AL7>1,1,0) -> 0 | CG7: =+IF(AM7>1,1,0) -> 0 | CH7: =+IF(AN7>1,1,0) -> 0 | CI7: =+IF(AO7>1,1,0) -> 0 | CJ7: =+IF(AP7>1,1,0) -> 0 | CK7: =MAX(BE7,BM7,BU7,CC7)*$D7 -> 0 | CL7: =MAX(BF7,BN7,BV7,CD7)*$D7 -> 0 | CM7: =MAX(BG7,BO7,BW7,CE7)*$D7 -> 0 | CN7: =MAX(BH7,BP7,BX7,CF7)*$D7 -> 0 | CO7: =MAX(BI7,BQ7,BY7,CG7)*$D7 -> 0 | CP7: =MAX(BJ7,BR7,BZ7,CH7)*$D7 -> 100 | CQ7: =MAX(BK7,BS7,CA7,CI7)*$D7 -> 0 | CR7: =MAX(BL7,BT7,CB7,CJ7)*$D7 -> 100
A8: NH148N | B8: 214700 | C8: 214800 | D8: =+C8-B8 -> 100 | G8: 2400 | H8: 2124.1602 | I8: 1956.1095 | J8: 2554.4948 | K8: 2172.4427 | L8: 1461.6275 | M8: 2140.2414 | N8: 1655.9938 | O8: 2164.3875 | P8: 5 | Q8: 3.1 | R8: 4.4 | S8: 3 | T8: 3.8 | U8: 3.6 | V8: 3.2 | W8: 3.4 | X8: 3.2 | Y8: 5 | Z8: 0.065266857 | AA8: 0.0035002857 | AB8: 0.00073714286 | AC8: 0.0014288571 | AD8: 0.006404 | AE8: 0.001594 | AF8: 0.0080971429 | AG8: 0.0052025714 | AH8: 1 | AI8: 0.041142858 | AJ8: 0 | AK8: 0 | AL8: 0 | AM8: 0.0042857143 | AN8: 0 | AO8: 0.0085714286 | AP8: 0 | BE8: =+IF(H8>2400,1,0) -> 0 | BF8: =+IF(I8>2400,1,0) -> 0 | BG8: =+IF(J8>2400,1,0) -> 1 | BH8: =+IF(K8>2400,1,0) -> 0 | BI8: =+IF(L8>2400,1,0) -> 0 | BJ8: =+IF(M8>2400,1,0) -> 0 | BK8: =+IF(N8>2400,1,0) -> 0 | BL8: =+IF(O8>2400,1,0) -> 0 | BM8: =+IF(Q8>5,1,0) -> 0 | BN8: =+IF(R8>5,1,0) -> 0 | BO8: =+IF(S8>5,1,0) -> 0 | BP8: =+IF(T8>5,1,0) -> 0 | BQ8: =+IF(U8>5,1,0) -> 0 | BR8: =+IF(V8>5,1,0) -> 0 | BS8: =+IF(W8>5,1,0) -> 0 | BT8: =+IF(X8>5,1,0) -> 0 | BU8: =+IF(Z8>5,1,0) -> 0 | BV8: =+IF(AA8>5,1,0) -> 0 | BW8: =+IF(AB8>5,1,0) -> 0 | BX8: =+IF(AC8>5,1,0) -> 0 | BY8: =+IF(AD8>5,1,0) -> 0 | BZ8: =+IF(AE8>5,1,0) -> 0 | CA8: =+IF(AF8>5,1,0) -> 0 | CB8: =+IF(AG8>5,1,0) -> 0 | CC8: =+IF(AI8>1,1,0) -> 0 | CD8: =+IF(AJ8>1,1,0) -> 0 | CE8: =+IF(AK8>1,1,0) -> 0 | CF8: =+IF(AL8>1,1,0) -> 0 | CG8: =+IF(AM8>1,1,0) -> 0 | CH8: =+IF(AN8>1,1,0) -> 0 | CI8: =+IF(AO8>1,1,0) -> 0 | CJ8: =+IF(AP8>1,1,0) -> 0 | CK8: =MAX(BE8,BM8,BU8,CC8)*$D8 -> 0 | CL8: =MAX(BF8,BN8,BV8,CD8)*$D8 -> 0 | CM8: =MAX(BG8,BO8,BW8,CE8)*$D8 -> 100 | CN8: =MAX(BH8,BP8,BX8,CF8)*$D8 -> 0 | CO8: =MAX(BI8,BQ8,BY8,CG8)*$D8 -> 0 | CP8: =MAX(BJ8,BR8,BZ8,CH8)*$D8 -> 0 | CQ8: =MAX(BK8,BS8,CA8,CI8)*$D8 -> 0 | CR8: =MAX(BL8,BT8,CB8,CJ8)*$D8 -> 0
A9: NH148N | B9: 214800 | C9: 214900 | D9: =+C9-B9 -> 100 | E9: Culvert | G9: 2400 | H9: 2035.9485 | I9: 1438.4819 | J9: 1860.7627 | K9: 1972.0499 | L9: 969.92011 | M9: 1232.0278 | N9: 1384.6311 | O9: 1285.2209 | P9: 5 | Q9: 2.9 | R9: 3.8 | S9: 3.8 | T9: 4 | U9: 3.8 | V9: 3 | W9: 2.7 | X9: 2.8 | Y9: 5 | Z9: 0.011262286 | AA9: 0.004624 | AB9: 0.0010717143 | AC9: 0.0052585714 | AD9: 0.0033202857 | AE9: 0.00124 | AF9: 0.0043922857 | AG9: 0.0091811429 | AH9: 1 | AI9: 0 | AJ9: 0 | AK9: 0.018 | AL9: 0 | AM9: 0 | AN9: 0.014857143 | AO9: 0.012 | AP9: 0 | BE9: =+IF(H9>2400,1,0) -> 0 | BF9: =+IF(I9>2400,1,0) -> 0 | BG9: =+IF(J9>2400,1,0) -> 0 | BH9: =+IF(K9>2400,1,0) -> 0 | BI9: =+IF(L9>2400,1,0) -> 0 | BJ9: =+IF(M9>2400,1,0) -> 0 | BK9: =+IF(N9>2400,1,0) -> 0 | BL9: =+IF(O9>2400,1,0) -> 0 | BM9: =+IF(Q9>5,1,0) -> 0 | BN9: =+IF(R9>5,1,0) -> 0 | BO9: =+IF(S9>5,1,0) -> 0 | BP9: =+IF(T9>5,1,0) -> 0 | BQ9: =+IF(U9>5,1,0) -> 0 | BR9: =+IF(V9>5,1,0) -> 0 | BS9: =+IF(W9>5,1,0) -> 0 | BT9: =+IF(X9>5,1,0) -> 0 | BU9: =+IF(Z9>5,1,0) -> 0 | BV9: =+IF(AA9>5,1,0) -> 0 | BW9: =+IF(AB9>5,1,0) -> 0 | BX9: =+IF(AC9>5,1,0) -> 0 | BY9: =+IF(AD9>5,1,0) -> 0 | BZ9: =+IF(AE9>5,1,0) -> 0 | CA9: =+IF(AF9>5,1,0) -> 0 | CB9: =+IF(AG9>5,1,0) -> 0 | CC9: =+IF(AI9>1,1,0) -> 0 | CD9: =+IF(AJ9>1,1,0) -> 0 | CE9: =+IF(AK9>1,1,0) -> 0 | CF9: =+IF(AL9>1,1,0) -> 0 | CG9: =+IF(AM9>1,1,0) -> 0 | CH9: =+IF(AN9>1,1,0) -> 0 | CI9: =+IF(AO9>1,1,0) -> 0 | CJ9: =+IF(AP9>1,1,0) -> 0 | CK9: =MAX(BE9,BM9,BU9,CC9)*$D9 -> 0 | CL9: =MAX(BF9,BN9,BV9,CD9)*$D9 -> 0 | CM9: =MAX(BG9,BO9,BW9,CE9)*$D9 -> 0 | CN9: =MAX(BH9,BP9,BX9,CF9)*$D9 -> 0 | CO9: =MAX(BI9,BQ9,BY9,CG9)*$D9 -> 0 | CP9: =MAX(BJ9,BR9,BZ9,CH9)*$D9 -> 0 | CQ9: =MAX(BK9,BS9,CA9,CI9)*$D9 -> 0 | CR9: =MAX(BL9,BT9,CB9,CJ9)*$D9 -> 0
A10: NH148N | B10: 214900 | C10: 215000 | D10: =+C10-B10 -> 100 | G10: 2400 | H10: 1247.2012 | I10: 1262.3944 | J10: 1384.6311 | K10: 1948.1446 | L10: 1277.6072 | M10: 1477.0799 | N10: 1515.7862 | O10: 1554.5988 | P10: 5 | Q10: 3.5 | R10: 4.5 | S10: 3.2 | T10: 4.2 | U10: 3.8 | V10: 2.7 | W10: 3.1 | X10: 2.7 | Y10: 5 | Z10: 2.12762 | AA10: 0.012469143 | AB10: 0.0061434286 | AC10: 0.0022937143 | AD10: 0.0028948571 | AE10: 0.0033402857 | AF10: 0.0018711429 | AG10: 0.0053928571 | AH10: 1 | AI10: 0.0085714288 | AJ10: 0.00085714286 | AK10: 0.076857143 | AL10: 0.044 | AM10: 0.0062857143 | AN10: 0.0068571429 | AO10: 0.024 | AP10: 0.0097142857 | BE10: =+IF(H10>2400,1,0) -> 0 | BF10: =+IF(I10>2400,1,0) -> 0 | BG10: =+IF(J10>2400,1,0) -> 0 | BH10: =+IF(K10>2400,1,0) -> 0 | BI10: =+IF(L10>2400,1,0) -> 0 | BJ10: =+IF(M10>2400,1,0) -> 0 | BK10: =+IF(N10>2400,1,0) -> 0 | BL10: =+IF(O10>2400,1,0) -> 0 | BM10: =+IF(Q10>5,1,0) -> 0 | BN10: =+IF(R10>5,1,0) -> 0 | BO10: =+IF(S10>5,1,0) -> 0 | BP10: =+IF(T10>5,1,0) -> 0 | BQ10: =+IF(U10>5,1,0) -> 0 | BR10: =+IF(V10>5,1,0) -> 0 | BS10: =+IF(W10>5,1,0) -> 0 | BT10: =+IF(X10>5,1,0) -> 0 | BU10: =+IF(Z10>5,1,0) -> 0 | BV10: =+IF(AA10>5,1,0) -> 0 | BW10: =+IF(AB10>5,1,0) -> 0 | BX10: =+IF(AC10>5,1,0) -> 0 | BY10: =+IF(AD10>5,1,0) -> 0 | BZ10: =+IF(AE10>5,1,0) -> 0 | CA10: =+IF(AF10>5,1,0) -> 0 | CB10: =+IF(AG10>5,1,0) -> 0 | CC10: =+IF(AI10>1,1,0) -> 0 | CD10: =+IF(AJ10>1,1,0) -> 0 | CE10: =+IF(AK10>1,1,0) -> 0 | CF10: =+IF(AL10>1,1,0) -> 0 | CG10: =+IF(AM10>1,1,0) -> 0 | CH10: =+IF(AN10>1,1,0) -> 0 | CI10: =+IF(AO10>1,1,0) -> 0 | CJ10: =+IF(AP10>1,1,0) -> 0 | CK10: =MAX(BE10,BM10,BU10,CC10)*$D10 -> 0 | CL10: =MAX(BF10,BN10,BV10,CD10)*$D10 -> 0 | CM10: =MAX(BG10,BO10,BW10,CE10)*$D10 -> 0 | CN10: =MAX(BH10,BP10,BX10,CF10)*$D10 -> 0 | CO10: =MAX(BI10,BQ10,BY10,CG10)*$D10 -> 0 | CP10: =MAX(BJ10,BR10,BZ10,CH10)*$D10 -> 0 | CQ10: =MAX(BK10,BS10,CA10,CI10)*$D10 -> 0 | CR10: =MAX(BL10,BT10,CB10,CJ10)*$D10 -> 0
A11: NH148N | B11: 215000 | C11: 215100 | D11: =+C11-B11 -> 100 | G11: 2400 | H11: 1088.9067 | I11: 1021.795 | J11: 1262.3944 | K11: 2067.979 | L11: 2570.8961 | M11: 2116.1245 | N11: 1648.17 | O11: 2752.0381 | P11: 5 | Q11: 3.2 | R11: 4.6 | S11: 2.8 | T11: 4.1 | U11: 2.4 | V11: 2.6 | W11: 3 | X11: 2.6 | Y11: 5 | Z11: 0.021654 | AA11: 0.0042488571 | AB11: 0.0030422857 | AC11: 0.0073131429 | AD11: 0.0025245714 | AE11: 0.0029625714 | AF11: 0.00583 | AG11: 0.00353 | AH11: 1 | AI11: 0 | AJ11: 0 | AK11: 0.12971429 | AL11: 0.030285714 | AM11: 0.012857143 | AN11: 0.024 | AO11: 0 | AP11: 0.016285714 | BE11: =+IF(H11>2400,1,0) -> 0 | BF11: =+IF(I11>2400,1,0) -> 0 | BG11: =+IF(J11>2400,1,0) -> 0 | BH11: =+IF(K11>2400,1,0) -> 0 | BI11: =+IF(L11>2400,1,0) -> 1 | BJ11: =+IF(M11>2400,1,0) -> 0 | BK11: =+IF(N11>2400,1,0) -> 0 | BL11: =+IF(O11>2400,1,0) -> 1 | BM11: =+IF(Q11>5,1,0) -> 0 | BN11: =+IF(R11>5,1,0) -> 0 | BO11: =+IF(S11>5,1,0) -> 0 | BP11: =+IF(T11>5,1,0) -> 0 | BQ11: =+IF(U11>5,1,0) -> 0 | BR11: =+IF(V11>5,1,0) -> 0 | BS11: =+IF(W11>5,1,0) -> 0 | BT11: =+IF(X11>5,1,0) -> 0 | BU11: =+IF(Z11>5,1,0) -> 0 | BV11: =+IF(AA11>5,1,0) -> 0 | BW11: =+IF(AB11>5,1,0) -> 0 | BX11: =+IF(AC11>5,1,0) -> 0 | BY11: =+IF(AD11>5,1,0) -> 0 | BZ11: =+IF(AE11>5,1,0) -> 0 | CA11: =+IF(AF11>5,1,0) -> 0 | CB11: =+IF(AG11>5,1,0) -> 0 | CC11: =+IF(AI11>1,1,0) -> 0 | CD11: =+IF(AJ11>1,1,0) -> 0 | CE11: =+IF(AK11>1,1,0) -> 0 | CF11: =+IF(AL11>1,1,0) -> 0 | CG11: =+IF(AM11>1,1,0) -> 0 | CH11: =+IF(AN11>1,1,0) -> 0 | CI11: =+IF(AO11>1,1,0) -> 0 | CJ11: =+IF(AP11>1,1,0) -> 0 | CK11: =MAX(BE11,BM11,BU11,CC11)*$D11 -> 0 | CL11: =MAX(BF11,BN11,BV11,CD11)*$D11 -> 0 | CM11: =MAX(BG11,BO11,BW11,CE11)*$D11 -> 0 | CN11: =MAX(BH11,BP11,BX11,CF11)*$D11 -> 0 | CO11: =MAX(BI11,BQ11,BY11,CG11)*$D11 -> 100 | CP11: =MAX(BJ11,BR11,BZ11,CH11)*$D11 -> 0 | CQ11: =MAX(BK11,BS11,CA11,CI11)*$D11 -> 0 | CR11: =MAX(BL11,BT11,CB11,CJ11)*$D11 -> 100
A12: NH148N | B12: 215100 | C12: 215200 | D12: =+C12-B12 -> 100 | G12: 2400 | H12: 1687.3285 | I12: 1338.6509 | J12: 1632.5343 | K12: 2196.6273 | L12: 1369.2859 | M12: 1546.8279 | N12: 1492.5495 | O12: 1988.004 | P12: 5 | Q12: 3.4 | R12: 4.7 | S12: 2.6 | T12: 3.7 | U12: 2.9 | V12: 2.8 | W12: 1.9 | X12: 3.1 | Y12: 5 | Z12: 0.027704571 | AA12: 0.0064817143 | AB12: 0.0044102857 | AC12: 0.011658857 | AD12: 0.0076357143 | AE12: 0.00040485714 | AF12: 0.002692 | AG12: 0.00025971429 | AH12: 1 | AI12: 0.004 | AJ12: 0 | AK12: 0.073428571 | AL12: 0.029428571 | AM12: 0.022857143 | AN12: 0.020285714 | AO12: 0 | AP12: 0.0034285714 | BE12: =+IF(H12>2400,1,0) -> 0 | BF12: =+IF(I12>2400,1,0) -> 0 | BG12: =+IF(J12>2400,1,0) -> 0 | BH12: =+IF(K12>2400,1,0) -> 0 | BI12: =+IF(L12>2400,1,0) -> 0 | BJ12: =+IF(M12>2400,1,0) -> 0 | BK12: =+IF(N12>2400,1,0) -> 0 | BL12: =+IF(O12>2400,1,0) -> 0 | BM12: =+IF(Q12>5,1,0) -> 0 | BN12: =+IF(R12>5,1,0) -> 0 | BO12: =+IF(S12>5,1,0) -> 0 | BP12: =+IF(T12>5,1,0) -> 0 | BQ12: =+IF(U12>5,1,0) -> 0 | BR12: =+IF(V12>5,1,0) -> 0 | BS12: =+IF(W12>5,1,0) -> 0 | BT12: =+IF(X12>5,1,0) -> 0 | BU12: =+IF(Z12>5,1,0) -> 0 | BV12: =+IF(AA12>5,1,0) -> 0 | BW12: =+IF(AB12>5,1,0) -> 0 | BX12: =+IF(AC12>5,1,0) -> 0 | BY12: =+IF(AD12>5,1,0) -> 0 | BZ12: =+IF(AE12>5,1,0) -> 0 | CA12: =+IF(AF12>5,1,0) -> 0 | CB12: =+IF(AG12>5,1,0) -> 0 | CC12: =+IF(AI12>1,1,0) -> 0 | CD12: =+IF(AJ12>1,1,0) -> 0 | CE12: =+IF(AK12>1,1,0) -> 0 | CF12: =+IF(AL12>1,1,0) -> 0 | CG12: =+IF(AM12>1,1,0) -> 0 | CH12: =+IF(AN12>1,1,0) -> 0 | CI12: =+IF(AO12>1,1,0) -> 0 | CJ12: =+IF(AP12>1,1,0) -> 0 | CK12: =MAX(BE12,BM12,BU12,CC12)*$D12 -> 0 | CL12: =MAX(BF12,BN12,BV12,CD12)*$D12 -> 0 | CM12: =MAX(BG12,BO12,BW12,CE12)*$D12 -> 0 | CN12: =MAX(BH12,BP12,BX12,CF12)*$D12 -> 0 | CO12: =MAX(BI12,BQ12,BY12,CG12)*$D12 -> 0 | CP12: =MAX(BJ12,BR12,BZ12,CH12)*$D12 -> 0 | CQ12: =MAX(BK12,BS12,CA12,CI12)*$D12 -> 0 | CR12: =MAX(BL12,BT12,CB12,CJ12)*$D12 -> 0
A13: NH148N | B13: 215200 | C13: 215300 | D13: =+C13-B13 -> 100 | E13: MNB | G13: 2400 | H13: 1399.9945 | I13: 1315.7238 | J13: 1430.7755 | K13: 1593.5155 | L13: 1734.4474 | M13: 1805.3828 | N13: 1477.0799 | O13: 1695.172 | P13: 5 | Q13: 3.1 | R13: 4.6 | S13: 3.2 | T13: 4.2 | U13: 2.9 | V13: 3.1 | W13: 1.9 | X13: 3.3 | Y13: 5 | Z13: 0.040482285 | AA13: 0.0095611429 | AB13: 0.0069771429 | AC13: 0.64127971 | AD13: 0.021007429 | AE13: 0.0023471429 | AF13: 0.0026928571 | AG13: 0.0013854286 | AH13: 1 | AI13: 0.0040000001 | AJ13: 0.019428571 | AK13: 0.15257143 | AL13: 0 | AM13: 0 | AN13: 0.036571429 | AO13: 0.010857143 | AP13: 0 | BE13: =+IF(H13>2400,1,0) -> 0 | BF13: =+IF(I13>2400,1,0) -> 0 | BG13: =+IF(J13>2400,1,0) -> 0 | BH13: =+IF(K13>2400,1,0) -> 0 | BI13: =+IF(L13>2400,1,0) -> 0 | BJ13: =+IF(M13>2400,1,0) -> 0 | BK13: =+IF(N13>2400,1,0) -> 0 | BL13: =+IF(O13>2400,1,0) -> 0 | BM13: =+IF(Q13>5,1,0) -> 0 | BN13: =+IF(R13>5,1,0) -> 0 | BO13: =+IF(S13>5,1,0) -> 0 | BP13: =+IF(T13>5,1,0) -> 0 | BQ13: =+IF(U13>5,1,0) -> 0 | BR13: =+IF(V13>5,1,0) -> 0 | BS13: =+IF(W13>5,1,0) -> 0 | BT13: =+IF(X13>5,1,0) -> 0 | BU13: =+IF(Z13>5,1,0) -> 0 | BV13: =+IF(AA13>5,1,0) -> 0 | BW13: =+IF(AB13>5,1,0) -> 0 | BX13: =+IF(AC13>5,1,0) -> 0 | BY13: =+IF(AD13>5,1,0) -> 0 | BZ13: =+IF(AE13>5,1,0) -> 0 | CA13: =+IF(AF13>5,1,0) -> 0 | CB13: =+IF(AG13>5,1,0) -> 0 | CC13: =+IF(AI13>1,1,0) -> 0 | CD13: =+IF(AJ13>1,1,0) -> 0 | CE13: =+IF(AK13>1,1,0) -> 0 | CF13: =+IF(AL13>1,1,0) -> 0 | CG13: =+IF(AM13>1,1,0) -> 0 | CH13: =+IF(AN13>1,1,0) -> 0 | CI13: =+IF(AO13>1,1,0) -> 0 | CJ13: =+IF(AP13>1,1,0) -> 0 | CK13: =MAX(BE13,BM13,BU13,CC13)*$D13 -> 0 | CL13: =MAX(BF13,BN13,BV13,CD13)*$D13 -> 0 | CM13: =MAX(BG13,BO13,BW13,CE13)*$D13 -> 0 | CN13: =MAX(BH13,BP13,BX13,CF13)*$D13 -> 0 | CO13: =MAX(BI13,BQ13,BY13,CG13)*$D13 -> 0 | CP13: =MAX(BJ13,BR13,BZ13,CH13)*$D13 -> 0 | CQ13: =MAX(BK13,BS13,CA13,CI13)*$D13 -> 0 | CR13: =MAX(BL13,BT13,CB13,CJ13)*$D13 -> 0
A14: NH148N | B14: 215300 | C14: 215400 | D14: =+C14-B14 -> 100 | G14: 2400 | H14: 1285.2209 | I14: 1554.5988 | J14: 1710.8706 | K14: 2204.6952 | L14: 1844.9216 | M14: 2051.9571 | N14: 1415.376 | O14: 1844.9216 | P14: 5 | Q14: 3.4 | R14: 4.5 | S14: 3.1 | T14: 3.7 | U14: 2.9 | V14: 2.7 | W14: 2.1 | X14: 2.3 | Y14: 5 | Z14: 0.50392143 | AA14: 0.018789143 | AB14: 0.0088891429 | AC14: 0.010010286 | AD14: 0.010472286 | AE14: 0.003748 | AF14: 0.0026908571 | AG14: 0.0096308571 | AH14: 1 | AI14: 0.0062857143 | AJ14: 0.025428571 | AK14: 0.10285714 | AL14: 0.083142857 | AM14: 0 | AN14: 0 | AO14: 0 | AP14: 0 | BE14: =+IF(H14>2400,1,0) -> 0 | BF14: =+IF(I14>2400,1,0) -> 0 | BG14: =+IF(J14>2400,1,0) -> 0 | BH14: =+IF(K14>2400,1,0) -> 0 | BI14: =+IF(L14>2400,1,0) -> 0 | BJ14: =+IF(M14>2400,1,0) -> 0 | BK14: =+IF(N14>2400,1,0) -> 0 | BL14: =+IF(O14>2400,1,0) -> 0 | BM14: =+IF(Q14>5,1,0) -> 0 | BN14: =+IF(R14>5,1,0) -> 0 | BO14: =+IF(S14>5,1,0) -> 0 | BP14: =+IF(T14>5,1,0) -> 0 | BQ14: =+IF(U14>5,1,0) -> 0 | BR14: =+IF(V14>5,1,0) -> 0 | BS14: =+IF(W14>5,1,0) -> 0 | BT14: =+IF(X14>5,1,0) -> 0 | BU14: =+IF(Z14>5,1,0) -> 0 | BV14: =+IF(AA14>5,1,0) -> 0 | BW14: =+IF(AB14>5,1,0) -> 0 | BX14: =+IF(AC14>5,1,0) -> 0 | BY14: =+IF(AD14>5,1,0) -> 0 | BZ14: =+IF(AE14>5,1,0) -> 0 | CA14: =+IF(AF14>5,1,0) -> 0 | CB14: =+IF(AG14>5,1,0) -> 0 | CC14: =+IF(AI14>1,1,0) -> 0 | CD14: =+IF(AJ14>1,1,0) -> 0 | CE14: =+IF(AK14>1,1,0) -> 0 | CF14: =+IF(AL14>1,1,0) -> 0 | CG14: =+IF(AM14>1,1,0) -> 0 | CH14: =+IF(AN14>1,1,0) -> 0 | CI14: =+IF(AO14>1,1,0) -> 0 | CJ14: =+IF(AP14>1,1,0) -> 0 | CK14: =MAX(BE14,BM14,BU14,CC14)*$D14 -> 0 | CL14: =MAX(BF14,BN14,BV14,CD14)*$D14 -> 0 | CM14: =MAX(BG14,BO14,BW14,CE14)*$D14 -> 0 | CN14: =MAX(BH14,BP14,BX14,CF14)*$D14 -> 0 | CO14: =MAX(BI14,BQ14,BY14,CG14)*$D14 -> 0 | CP14: =MAX(BJ14,BR14,BZ14,CH14)*$D14 -> 0 | CQ14: =MAX(BK14,BS14,CA14,CI14)*$D14 -> 0 | CR14: =MAX(BL14,BT14,CB14,CJ14)*$D14 -> 0
A15: NH148N | B15: 215400 | C15: 215500 | D15: =+C15-B15 -> 100 | G15: 2400 | H15: 2644.8397 | I15: 1118.8787 | J15: 1469.3515 | K15: 1900.4284 | L15: 1852.8403 | M15: 1163.9979 | N15: 1546.8279 | O15: 1554.5988 | P15: 5 | Q15: 3 | R15: 3.8 | S15: 3.8 | T15: 3.4 | U15: 4.5 | V15: 3.2 | W15: 1.9 | X15: 2.4 | Y15: 5 | Z15: 0.010678572 | AA15: 0.0014534286 | AB15: 0.00050057143 | AC15: 0 | AD15: 0.014074286 | AE15: 0.0010714286 | AF15: 0.011318857 | AG15: 0.0011271429 | AH15: 1 | AI15: 0 | AJ15: 0 | AK15: 0.006 | AL15: 0.0085714286 | AM15: 0 | AN15: 0.011142857 | AO15: 0.058285714 | AP15: 0 | BE15: =+IF(H15>2400,1,0) -> 1 | BF15: =+IF(I15>2400,1,0) -> 0 | BG15: =+IF(J15>2400,1,0) -> 0 | BH15: =+IF(K15>2400,1,0) -> 0 | BI15: =+IF(L15>2400,1,0) -> 0 | BJ15: =+IF(M15>2400,1,0) -> 0 | BK15: =+IF(N15>2400,1,0) -> 0 | BL15: =+IF(O15>2400,1,0) -> 0 | BM15: =+IF(Q15>5,1,0) -> 0 | BN15: =+IF(R15>5,1,0) -> 0 | BO15: =+IF(S15>5,1,0) -> 0 | BP15: =+IF(T15>5,1,0) -> 0 | BQ15: =+IF(U15>5,1,0) -> 0 | BR15: =+IF(V15>5,1,0) -> 0 | BS15: =+IF(W15>5,1,0) -> 0 | BT15: =+IF(X15>5,1,0) -> 0 | BU15: =+IF(Z15>5,1,0) -> 0 | BV15: =+IF(AA15>5,1,0) -> 0 | BW15: =+IF(AB15>5,1,0) -> 0 | BX15: =+IF(AC15>5,1,0) -> 0 | BY15: =+IF(AD15>5,1,0) -> 0 | BZ15: =+IF(AE15>5,1,0) -> 0 | CA15: =+IF(AF15>5,1,0) -> 0 | CB15: =+IF(AG15>5,1,0) -> 0 | CC15: =+IF(AI15>1,1,0) -> 0 | CD15: =+IF(AJ15>1,1,0) -> 0 | CE15: =+IF(AK15>1,1,0) -> 0 | CF15: =+IF(AL15>1,1,0) -> 0 | CG15: =+IF(AM15>1,1,0) -> 0 | CH15: =+IF(AN15>1,1,0) -> 0 | CI15: =+IF(AO15>1,1,0) -> 0 | CJ15: =+IF(AP15>1,1,0) -> 0 | CK15: =MAX(BE15,BM15,BU15,CC15)*$D15 -> 100 | CL15: =MAX(BF15,BN15,BV15,CD15)*$D15 -> 0 | CM15: =MAX(BG15,BO15,BW15,CE15)*$D15 -> 0 | CN15: =MAX(BH15,BP15,BX15,CF15)*$D15 -> 0 | CO15: =MAX(BI15,BQ15,BY15,CG15)*$D15 -> 0 | CP15: =MAX(BJ15,BR15,BZ15,CH15)*$D15 -> 0 | CQ15: =MAX(BK15,BS15,CA15,CI15)*$D15 -> 0 | CR15: =MAX(BL15,BT15,CB15,CJ15)*$D15 -> 0
A16: NH148N | B16: 215500 | C16: 215600 | D16: =+C16-B16 -> 100 | G16: 2400 | H16: 984.71186 | I16: 874.37539 | J16: 1141.4144 | K16: 1477.0799 | L16: 1461.6275 | M16: 1376.9562 | N16: 1163.9979 | O16: 1111.3775 | P16: 5 | Q16: 3.5 | R16: 4.4 | S16: 3.4 | T16: 4.3 | U16: 5.4 | V16: 3 | W16: 3.2 | X16: 2.7 | Y16: 5 | Z16: 0.02305 | AA16: 0.013293429 | AB16: 0.015216286 | AC16: 0.0048034286 | AD16: 0.007358 | AE16: 0.0062805714 | AF16: 0.0033225714 | AG16: 0.00098057143 | AH16: 1 | AI16: 0.0040000001 | AJ16: 0 | AK16: 0 | AL16: 0.0022857143 | AM16: 0 | AN16: 0.0037142857 | AO16: 0.0068571429 | AP16: 0 | BE16: =+IF(H16>2400,1,0) -> 0 | BF16: =+IF(I16>2400,1,0) -> 0 | BG16: =+IF(J16>2400,1,0) -> 0 | BH16: =+IF(K16>2400,1,0) -> 0 | BI16: =+IF(L16>2400,1,0) -> 0 | BJ16: =+IF(M16>2400,1,0) -> 0 | BK16: =+IF(N16>2400,1,0) -> 0 | BL16: =+IF(O16>2400,1,0) -> 0 | BM16: =+IF(Q16>5,1,0) -> 0 | BN16: =+IF(R16>5,1,0) -> 0 | BO16: =+IF(S16>5,1,0) -> 0 | BP16: =+IF(T16>5,1,0) -> 0 | BQ16: =+IF(U16>5,1,0) -> 1 | BR16: =+IF(V16>5,1,0) -> 0 | BS16: =+IF(W16>5,1,0) -> 0 | BT16: =+IF(X16>5,1,0) -> 0 | BU16: =+IF(Z16>5,1,0) -> 0 | BV16: =+IF(AA16>5,1,0) -> 0 | BW16: =+IF(AB16>5,1,0) -> 0 | BX16: =+IF(AC16>5,1,0) -> 0 | BY16: =+IF(AD16>5,1,0) -> 0 | BZ16: =+IF(AE16>5,1,0) -> 0 | CA16: =+IF(AF16>5,1,0) -> 0 | CB16: =+IF(AG16>5,1,0) -> 0 | CC16: =+IF(AI16>1,1,0) -> 0 | CD16: =+IF(AJ16>1,1,0) -> 0 | CE16: =+IF(AK16>1,1,0) -> 0 | CF16: =+IF(AL16>1,1,0) -> 0 | CG16: =+IF(AM16>1,1,0) -> 0 | CH16: =+IF(AN16>1,1,0) -> 0 | CI16: =+IF(AO16>1,1,0) -> 0 | CJ16: =+IF(AP16>1,1,0) -> 0 | CK16: =MAX(BE16,BM16,BU16,CC16)*$D16 -> 0 | CL16: =MAX(BF16,BN16,BV16,CD16)*$D16 -> 0 | CM16: =MAX(BG16,BO16,BW16,CE16)*$D16 -> 0 | CN16: =MAX(BH16,BP16,BX16,CF16)*$D16 -> 0 | CO16: =MAX(BI16,BQ16,BY16,CG16)*$D16 -> 100 | CP16: =MAX(BJ16,BR16,BZ16,CH16)*$D16 -> 0 | CQ16: =MAX(BK16,BS16,CA16,CI16)*$D16 -> 0 | CR16: =MAX(BL16,BT16,CB16,CJ16)*$D16 -> 0
A17: NH148N | B17: 215600 | C17: 215700 | D17: =+C17-B17 -> 100 | G17: 2400 | H17: 1315.7238 | I17: 1247.2012 | J17: 1369.2859 | K17: 1868.6886 | L17: 1209.3053 | M17: 1663.8215 | N17: 1687.3285 | O17: 1781.7039 | P17: 5 | Q17: 3.3 | R17: 4 | S17: 3.4 | T17: 3.8 | U17: 4.8 | V17: 4.1 | W17: 2.5 | X17: 3.2 | Y17: 5 | Z17: 0.025207143 | AA17: 0.011498857 | AB17: 0.010500286 | AC17: 0.0067217143 | AD17: 0.0037651429 | AE17: 0.00023314286 | AF17: 0.00477 | AG17: 0.004206 | AH17: 1 | AI17: 0 | AJ17: 0 | AK17: 0.025142857 | AL17: 0.013142857 | AM17: 0 | AN17: 0 | AO17: 0.018571429 | AP17: 0.010571429 | BE17: =+IF(H17>2400,1,0) -> 0 | BF17: =+IF(I17>2400,1,0) -> 0 | BG17: =+IF(J17>2400,1,0) -> 0 | BH17: =+IF(K17>2400,1,0) -> 0 | BI17: =+IF(L17>2400,1,0) -> 0 | BJ17: =+IF(M17>2400,1,0) -> 0 | BK17: =+IF(N17>2400,1,0) -> 0 | BL17: =+IF(O17>2400,1,0) -> 0 | BM17: =+IF(Q17>5,1,0) -> 0 | BN17: =+IF(R17>5,1,0) -> 0 | BO17: =+IF(S17>5,1,0) -> 0 | BP17: =+IF(T17>5,1,0) -> 0 | BQ17: =+IF(U17>5,1,0) -> 0 | BR17: =+IF(V17>5,1,0) -> 0 | BS17: =+IF(W17>5,1,0) -> 0 | BT17: =+IF(X17>5,1,0) -> 0 | BU17: =+IF(Z17>5,1,0) -> 0 | BV17: =+IF(AA17>5,1,0) -> 0 | BW17: =+IF(AB17>5,1,0) -> 0 | BX17: =+IF(AC17>5,1,0) -> 0 | BY17: =+IF(AD17>5,1,0) -> 0 | BZ17: =+IF(AE17>5,1,0) -> 0 | CA17: =+IF(AF17>5,1,0) -> 0 | CB17: =+IF(AG17>5,1,0) -> 0 | CC17: =+IF(AI17>1,1,0) -> 0 | CD17: =+IF(AJ17>1,1,0) -> 0 | CE17: =+IF(AK17>1,1,0) -> 0 | CF17: =+IF(AL17>1,1,0) -> 0 | CG17: =+IF(AM17>1,1,0) -> 0 | CH17: =+IF(AN17>1,1,0) -> 0 | CI17: =+IF(AO17>1,1,0) -> 0 | CJ17: =+IF(AP17>1,1,0) -> 0 | CK17: =MAX(BE17,BM17,BU17,CC17)*$D17 -> 0 | CL17: =MAX(BF17,BN17,BV17,CD17)*$D17 -> 0 | CM17: =MAX(BG17,BO17,BW17,CE17)*$D17 -> 0 | CN17: =MAX(BH17,BP17,BX17,CF17)*$D17 -> 0 | CO17: =MAX(BI17,BQ17,BY17,CG17)*$D17 -> 0 | CP17: =MAX(BJ17,BR17,BZ17,CH17)*$D17 -> 0 | CQ17: =MAX(BK17,BS17,CA17,CI17)*$D17 -> 0 | CR17: =MAX(BL17,BT17,CB17,CJ17)*$D17 -> 0
A18: NH148N | B18: 215700 | C18: 215800 | D18: =+C18-B18 -> 100 | E18: MNB | F18: Under Maintenance L3 & L4 | G18: 2400 | H18: 1648.17 | I18: 1821.1873 | L18: 2826.5164 | M18: 2579.1009 | N18: 3906.7817 | O18: 3701.4609 | P18: 5 | Q18: 3.2 | R18: 4.5 | U18: 3.5 | V18: 3 | W18: 2.7 | X18: 2.7 | Y18: 5 | Z18: 0.51737886 | AA18: 0.0067454286 | AB18: 0.005382 | AC18: 0.0039728571 | AD18: 0.00552 | AE18: 0.010201143 | AF18: 0.0043502857 | AG18: 0.003608 | AH18: 1 | AI18: 0.0054285715 | AJ18: 0.012285714 | AM18: 0 | AN18: 0 | AO18: 0.068857143 | AP18: 0.0088571429 | BE18: =+IF(H18>2400,1,0) -> 0 | BF18: =+IF(I18>2400,1,0) -> 0 | BG18: =+IF(J18>2400,1,0) -> 0 | BH18: =+IF(K18>2400,1,0) -> 0 | BI18: =+IF(L18>2400,1,0) -> 1 | BJ18: =+IF(M18>2400,1,0) -> 1 | BK18: =+IF(N18>2400,1,0) -> 1 | BL18: =+IF(O18>2400,1,0) -> 1 | BM18: =+IF(Q18>5,1,0) -> 0 | BN18: =+IF(R18>5,1,0) -> 0 | BO18: =+IF(S18>5,1,0) -> 0 | BP18: =+IF(T18>5,1,0) -> 0 | BQ18: =+IF(U18>5,1,0) -> 0 | BR18: =+IF(V18>5,1,0) -> 0 | BS18: =+IF(W18>5,1,0) -> 0 | BT18: =+IF(X18>5,1,0) -> 0 | BU18: =+IF(Z18>5,1,0) -> 0 | BV18: =+IF(AA18>5,1,0) -> 0 | BW18: =+IF(AB18>5,1,0) -> 0 | BX18: =+IF(AC18>5,1,0) -> 0 | BY18: =+IF(AD18>5,1,0) -> 0 | BZ18: =+IF(AE18>5,1,0) -> 0 | CA18: =+IF(AF18>5,1,0) -> 0 | CB18: =+IF(AG18>5,1,0) -> 0 | CC18: =+IF(AI18>1,1,0) -> 0 | CD18: =+IF(AJ18>1,1,0) -> 0 | CE18: =+IF(AK18>1,1,0) -> 0 | CF18: =+IF(AL18>1,1,0) -> 0 | CG18: =+IF(AM18>1,1,0) -> 0 | CH18: =+IF(AN18>1,1,0) -> 0 | CI18: =+IF(AO18>1,1,0) -> 0 | CJ18: =+IF(AP18>1,1,0) -> 0 | CK18: =MAX(BE18,BM18,BU18,CC18)*$D18 -> 0 | CL18: =MAX(BF18,BN18,BV18,CD18)*$D18 -> 0 | CM18: =MAX(BG18,BO18,BW18,CE18)*$D18 -> 0 | CN18: =MAX(BH18,BP18,BX18,CF18)*$D18 -> 0 | CO18: =MAX(BI18,BQ18,BY18,CG18)*$D18 -> 100 | CP18: =MAX(BJ18,BR18,BZ18,CH18)*$D18 -> 100 | CQ18: =MAX(BK18,BS18,CA18,CI18)*$D18 -> 100 | CR18: =MAX(BL18,BT18,CB18,CJ18)*$D18 -> 100
A19: NH148N | B19: 215800 | C19: 215900 | D19: =+C19-B19 -> 100 | F19: Under Maintenance L3 & L4 | G19: 2400 | H19: 1837.0065 | I19: 1829.0951 | L19: 1044.1146 | M19: 984.71186 | N19: 1399.9945 | O19: 1585.7239 | P19: 5 | Q19: 3 | R19: 3.8 | U19: 4.7 | V19: 3.4 | W19: 3.1 | X19: 2.9 | Y19: 5 | Z19: 0.016577429 | AA19: 0 | AB19: 0.00064 | AC19: 0 | AD19: 0.0025065714 | AE19: 0.00016228571 | AF19: 0 | AG19: 0.00027685714 | AH19: 1 | AI19: 0.12571429 | AJ19: 0.099714286 | AM19: 0 | AN19: 0 | AO19: 0.0042857143 | AP19: 0.0042857143 | BE19: =+IF(H19>2400,1,0) -> 0 | BF19: =+IF(I19>2400,1,0) -> 0 | BG19: =+IF(J19>2400,1,0) -> 0 | BH19: =+IF(K19>2400,1,0) -> 0 | BI19: =+IF(L19>2400,1,0) -> 0 | BJ19: =+IF(M19>2400,1,0) -> 0 | BK19: =+IF(N19>2400,1,0) -> 0 | BL19: =+IF(O19>2400,1,0) -> 0 | BM19: =+IF(Q19>5,1,0) -> 0 | BN19: =+IF(R19>5,1,0) -> 0 | BO19: =+IF(S19>5,1,0) -> 0 | BP19: =+IF(T19>5,1,0) -> 0 | BQ19: =+IF(U19>5,1,0) -> 0 | BR19: =+IF(V19>5,1,0) -> 0 | BS19: =+IF(W19>5,1,0) -> 0 | BT19: =+IF(X19>5,1,0) -> 0 | BU19: =+IF(Z19>5,1,0) -> 0 | BV19: =+IF(AA19>5,1,0) -> 0 | BW19: =+IF(AB19>5,1,0) -> 0 | BX19: =+IF(AC19>5,1,0) -> 0 | BY19: =+IF(AD19>5,1,0) -> 0 | BZ19: =+IF(AE19>5,1,0) -> 0 | CA19: =+IF(AF19>5,1,0) -> 0 | CB19: =+IF(AG19>5,1,0) -> 0 | CC19: =+IF(AI19>1,1,0) -> 0 | CD19: =+IF(AJ19>1,1,0) -> 0 | CE19: =+IF(AK19>1,1,0) -> 0 | CF19: =+IF(AL19>1,1,0) -> 0 | CG19: =+IF(AM19>1,1,0) -> 0 | CH19: =+IF(AN19>1,1,0) -> 0 | CI19: =+IF(AO19>1,1,0) -> 0 | CJ19: =+IF(AP19>1,1,0) -> 0 | CK19: =MAX(BE19,BM19,BU19,CC19)*$D19 -> 0 | CL19: =MAX(BF19,BN19,BV19,CD19)*$D19 -> 0 | CM19: =MAX(BG19,BO19,BW19,CE19)*$D19 -> 0 | CN19: =MAX(BH19,BP19,BX19,CF19)*$D19 -> 0 | CO19: =MAX(BI19,BQ19,BY19,CG19)*$D19 -> 0 | CP19: =MAX(BJ19,BR19,BZ19,CH19)*$D19 -> 0 | CQ19: =MAX(BK19,BS19,CA19,CI19)*$D19 -> 0 | CR19: =MAX(BL19,BT19,CB19,CJ19)*$D19 -> 0
A20: NH148N | B20: 215900 | C20: 216000 | D20: =+C20-B20 -> 100 | G20: 2400 | H20: 999.52746 | I20: 962.53327 | J20: 1088.9067 | K20: 1353.9592 | L20: 1407.683 | M20: 1884.5514 | N20: 1531.2986 | O20: 1734.4474 | P20: 5 | Q20: 2.9 | R20: 4.6 | S20: 3.2 | T20: 4.1 | U20: 3.5 | V20: 2.9 | W20: 3.2 | X20: 2.7 | Y20: 5 | Z20: 0.014052571 | AA20: 0.00087 | AB20: 0 | AC20: 0.0046442857 | AD20: 0.074890857 | AE20: 0.0024414286 | AF20: 0 | AG20: 0.00062171429 | AH20: 1 | AI20: 0.017142857 | AJ20: 0.0022857143 | AK20: 0.014571429 | AL20: 0 | AM20: 0.058857143 | AN20: 0.074857143 | AO20: 0 | AP20: 0.0048571429 | BE20: =+IF(H20>2400,1,0) -> 0 | BF20: =+IF(I20>2400,1,0) -> 0 | BG20: =+IF(J20>2400,1,0) -> 0 | BH20: =+IF(K20>2400,1,0) -> 0 | BI20: =+IF(L20>2400,1,0) -> 0 | BJ20: =+IF(M20>2400,1,0) -> 0 | BK20: =+IF(N20>2400,1,0) -> 0 | BL20: =+IF(O20>2400,1,0) -> 0 | BM20: =+IF(Q20>5,1,0) -> 0 | BN20: =+IF(R20>5,1,0) -> 0 | BO20: =+IF(S20>5,1,0) -> 0 | BP20: =+IF(T20>5,1,0) -> 0 | BQ20: =+IF(U20>5,1,0) -> 0 | BR20: =+IF(V20>5,1,0) -> 0 | BS20: =+IF(W20>5,1,0) -> 0 | BT20: =+IF(X20>5,1,0) -> 0 | BU20: =+IF(Z20>5,1,0) -> 0 | BV20: =+IF(AA20>5,1,0) -> 0 | BW20: =+IF(AB20>5,1,0) -> 0 | BX20: =+IF(AC20>5,1,0) -> 0 | BY20: =+IF(AD20>5,1,0) -> 0 | BZ20: =+IF(AE20>5,1,0) -> 0 | CA20: =+IF(AF20>5,1,0) -> 0 | CB20: =+IF(AG20>5,1,0) -> 0 | CC20: =+IF(AI20>1,1,0) -> 0 | CD20: =+IF(AJ20>1,1,0) -> 0 | CE20: =+IF(AK20>1,1,0) -> 0 | CF20: =+IF(AL20>1,1,0) -> 0 | CG20: =+IF(AM20>1,1,0) -> 0 | CH20: =+IF(AN20>1,1,0) -> 0 | CI20: =+IF(AO20>1,1,0) -> 0 | CJ20: =+IF(AP20>1,1,0) -> 0 | CK20: =MAX(BE20,BM20,BU20,CC20)*$D20 -> 0 | CL20: =MAX(BF20,BN20,BV20,CD20)*$D20 -> 0 | CM20: =MAX(BG20,BO20,BW20,CE20)*$D20 -> 0 | CN20: =MAX(BH20,BP20,BX20,CF20)*$D20 -> 0 | CO20: =MAX(BI20,BQ20,BY20,CG20)*$D20 -> 0 | CP20: =MAX(BJ20,BR20,BZ20,CH20)*$D20 -> 0 | CQ20: =MAX(BK20,BS20,CA20,CI20)*$D20 -> 0 | CR20: =MAX(BL20,BT20,CB20,CJ20)*$D20 -> 0
A21: NH148N | B21: 216000 | C21: 216100 | D21: =+C21-B21 -> 100 | G21: 2400 | H21: 1163.9979 | I21: 940.40929 | J21: 984.71186 | K21: 1384.6311 | L21: 2019.9534 | M21: 1813.2832 | N21: 1523.5403 | O21: 2818.2306 | P21: 5 | Q21: 3.2 | R21: 4.4 | S21: 3.6 | T21: 4.2 | U21: 4.9 | V21: 4.1 | W21: 2.7 | X21: 3.3 | Y21: 5 | Z21: 2.0103691 | AA21: 0.0047602857 | AB21: 0.00012171429 | AC21: 0.0080545714 | AD21: 0.013119714 | AE21: 0.008598 | AF21: 0.002816 | AG21: 0.0080588571 | AH21: 1 | AI21: 0.016571428 | AJ21: 0.0065714286 | AK21: 0.0068571429 | AL21: 0.11428571 | AM21: 0 | AN21: 0.0025714286 | AO21: 0.037714286 | AP21: 0 | BE21: =+IF(H21>2400,1,0) -> 0 | BF21: =+IF(I21>2400,1,0) -> 0 | BG21: =+IF(J21>2400,1,0) -> 0 | BH21: =+IF(K21>2400,1,0) -> 0 | BI21: =+IF(L21>2400,1,0) -> 0 | BJ21: =+IF(M21>2400,1,0) -> 0 | BK21: =+IF(N21>2400,1,0) -> 0 | BL21: =+IF(O21>2400,1,0) -> 1 | BM21: =+IF(Q21>5,1,0) -> 0 | BN21: =+IF(R21>5,1,0) -> 0 | BO21: =+IF(S21>5,1,0) -> 0 | BP21: =+IF(T21>5,1,0) -> 0 | BQ21: =+IF(U21>5,1,0) -> 0 | BR21: =+IF(V21>5,1,0) -> 0 | BS21: =+IF(W21>5,1,0) -> 0 | BT21: =+IF(X21>5,1,0) -> 0 | BU21: =+IF(Z21>5,1,0) -> 0 | BV21: =+IF(AA21>5,1,0) -> 0 | BW21: =+IF(AB21>5,1,0) -> 0 | BX21: =+IF(AC21>5,1,0) -> 0 | BY21: =+IF(AD21>5,1,0) -> 0 | BZ21: =+IF(AE21>5,1,0) -> 0 | CA21: =+IF(AF21>5,1,0) -> 0 | CB21: =+IF(AG21>5,1,0) -> 0 | CC21: =+IF(AI21>1,1,0) -> 0 | CD21: =+IF(AJ21>1,1,0) -> 0 | CE21: =+IF(AK21>1,1,0) -> 0 | CF21: =+IF(AL21>1,1,0) -> 0 | CG21: =+IF(AM21>1,1,0) -> 0 | CH21: =+IF(AN21>1,1,0) -> 0 | CI21: =+IF(AO21>1,1,0) -> 0 | CJ21: =+IF(AP21>1,1,0) -> 0 | CK21: =MAX(BE21,BM21,BU21,CC21)*$D21 -> 0 | CL21: =MAX(BF21,BN21,BV21,CD21)*$D21 -> 0 | CM21: =MAX(BG21,BO21,BW21,CE21)*$D21 -> 0 | CN21: =MAX(BH21,BP21,BX21,CF21)*$D21 -> 0 | CO21: =MAX(BI21,BQ21,BY21,CG21)*$D21 -> 0 | CP21: =MAX(BJ21,BR21,BZ21,CH21)*$D21 -> 0 | CQ21: =MAX(BK21,BS21,CA21,CI21)*$D21 -> 0 | CR21: =MAX(BL21,BT21,CB21,CJ21)*$D21 -> 100
A22: NH148N | B22: 216100 | C22: 216200 | D22: =+C22-B22 -> 100 | G22: 2400 | H22: 1141.4144 | I22: 1021.795 | J22: 1103.8818 | K22: 1029.2291 | L22: 1585.7239 | M22: 1407.683 | N22: 1609.1109 | O22: 1438.4819 | P22: 5 | Q22: 3.6 | R22: 4.8 | S22: 2.9 | T22: 4.8 | U22: 5.2 | V22: 4 | W22: 2.7 | X22: 2.8 | Y22: 5 | Z22: 1.4673949 | AA22: 0.0029871429 | AB22: 0.0030588571 | AC22: 0.0029531429 | AD22: 0.43626457 | AE22: 0.021926 | AF22: 0.015865429 | AG22: 0.0065905714 | AH22: 1 | AI22: 0 | AJ22: 0 | AK22: 0.042 | AL22: 0 | AM22: 0 | AN22: 0 | AO22: 0 | AP22: 0 | BE22: =+IF(H22>2400,1,0) -> 0 | BF22: =+IF(I22>2400,1,0) -> 0 | BG22: =+IF(J22>2400,1,0) -> 0 | BH22: =+IF(K22>2400,1,0) -> 0 | BI22: =+IF(L22>2400,1,0) -> 0 | BJ22: =+IF(M22>2400,1,0) -> 0 | BK22: =+IF(N22>2400,1,0) -> 0 | BL22: =+IF(O22>2400,1,0) -> 0 | BM22: =+IF(Q22>5,1,0) -> 0 | BN22: =+IF(R22>5,1,0) -> 0 | BO22: =+IF(S22>5,1,0) -> 0 | BP22: =+IF(T22>5,1,0) -> 0 | BQ22: =+IF(U22>5,1,0) -> 1 | BR22: =+IF(V22>5,1,0) -> 0 | BS22: =+IF(W22>5,1,0) -> 0 | BT22: =+IF(X22>5,1,0) -> 0 | BU22: =+IF(Z22>5,1,0) -> 0 | BV22: =+IF(AA22>5,1,0) -> 0 | BW22: =+IF(AB22>5,1,0) -> 0 | BX22: =+IF(AC22>5,1,0) -> 0 | BY22: =+IF(AD22>5,1,0) -> 0 | BZ22: =+IF(AE22>5,1,0) -> 0 | CA22: =+IF(AF22>5,1,0) -> 0 | CB22: =+IF(AG22>5,1,0) -> 0 | CC22: =+IF(AI22>1,1,0) -> 0 | CD22: =+IF(AJ22>1,1,0) -> 0 | CE22: =+IF(AK22>1,1,0) -> 0 | CF22: =+IF(AL22>1,1,0) -> 0 | CG22: =+IF(AM22>1,1,0) -> 0 | CH22: =+IF(AN22>1,1,0) -> 0 | CI22: =+IF(AO22>1,1,0) -> 0 | CJ22: =+IF(AP22>1,1,0) -> 0 | CK22: =MAX(BE22,BM22,BU22,CC22)*$D22 -> 0 | CL22: =MAX(BF22,BN22,BV22,CD22)*$D22 -> 0 | CM22: =MAX(BG22,BO22,BW22,CE22)*$D22 -> 0 | CN22: =MAX(BH22,BP22,BX22,CF22)*$D22 -> 0 | CO22: =MAX(BI22,BQ22,BY22,CG22)*$D22 -> 100 | CP22: =MAX(BJ22,BR22,BZ22,CH22)*$D22 -> 0 | CQ22: =MAX(BK22,BS22,CA22,CI22)*$D22 -> 0 | CR22: =MAX(BL22,BT22,CB22,CJ22)*$D22 -> 0
A23: NH148N | B23: 216200 | C23: 216300 | D23: =+C23-B23 -> 100 | G23: 2400 | H23: 1308.0909 | I23: 1021.795 | J23: 999.52746 | K23: 1133.8971 | L23: 1616.9146 | M23: 1277.6072 | N23: 1593.5155 | O23: 1570.1531 | P23: 5 | Q23: 3.4 | R23: 4.5 | S23: 4.3 | T23: 4.5 | U23: 4.4 | V23: 3.3 | W23: 3.5 | X23: 2.7 | Y23: 5 | Z23: 0.0097337143 | AA23: 0.0013802857 | AB23: 0.00028114286 | AC23: 0.000512 | AD23: 0.022446 | AE23: 0.01301 | AF23: 0.0021051429 | AG23: 0.0070214286 | AH23: 1 | AI23: 0 | AJ23: 0 | AK23: 0 | AL23: 0.017142857 | AM23: 0 | AN23: 0 | AO23: 0 | AP23: 0 | BE23: =+IF(H23>2400,1,0) -> 0 | BF23: =+IF(I23>2400,1,0) -> 0 | BG23: =+IF(J23>2400,1,0) -> 0 | BH23: =+IF(K23>2400,1,0) -> 0 | BI23: =+IF(L23>2400,1,0) -> 0 | BJ23: =+IF(M23>2400,1,0) -> 0 | BK23: =+IF(N23>2400,1,0) -> 0 | BL23: =+IF(O23>2400,1,0) -> 0 | BM23: =+IF(Q23>5,1,0) -> 0 | BN23: =+IF(R23>5,1,0) -> 0 | BO23: =+IF(S23>5,1,0) -> 0 | BP23: =+IF(T23>5,1,0) -> 0 | BQ23: =+IF(U23>5,1,0) -> 0 | BR23: =+IF(V23>5,1,0) -> 0 | BS23: =+IF(W23>5,1,0) -> 0 | BT23: =+IF(X23>5,1,0) -> 0 | BU23: =+IF(Z23>5,1,0) -> 0 | BV23: =+IF(AA23>5,1,0) -> 0 | BW23: =+IF(AB23>5,1,0) -> 0 | BX23: =+IF(AC23>5,1,0) -> 0 | BY23: =+IF(AD23>5,1,0) -> 0 | BZ23: =+IF(AE23>5,1,0) -> 0 | CA23: =+IF(AF23>5,1,0) -> 0 | CB23: =+IF(AG23>5,1,0) -> 0 | CC23: =+IF(AI23>1,1,0) -> 0 | CD23: =+IF(AJ23>1,1,0) -> 0 | CE23: =+IF(AK23>1,1,0) -> 0 | CF23: =+IF(AL23>1,1,0) -> 0 | CG23: =+IF(AM23>1,1,0) -> 0 | CH23: =+IF(AN23>1,1,0) -> 0 | CI23: =+IF(AO23>1,1,0) -> 0 | CJ23: =+IF(AP23>1,1,0) -> 0 | CK23: =MAX(BE23,BM23,BU23,CC23)*$D23 -> 0 | CL23: =MAX(BF23,BN23,BV23,CD23)*$D23 -> 0 | CM23: =MAX(BG23,BO23,BW23,CE23)*$D23 -> 0 | CN23: =MAX(BH23,BP23,BX23,CF23)*$D23 -> 0 | CO23: =MAX(BI23,BQ23,BY23,CG23)*$D23 -> 0 | CP23: =MAX(BJ23,BR23,BZ23,CH23)*$D23 -> 0 | CQ23: =MAX(BK23,BS23,CA23,CI23)*$D23 -> 0 | CR23: =MAX(BL23,BT23,CB23,CJ23)*$D23 -> 0
A24: NH148N | B24: 216300 | C24: 216400 | D24: =+C24-B24 -> 100 | G24: 2400 | H24: 1148.9369 | I24: 1126.3852 | J24: 1141.4144 | K24: 1338.6509 | L24: 992.1167 | M24: 933.04694 | N24: 1338.6509 | O24: 1438.4819 | P24: 5 | Q24: 3.1 | R24: 4.3 | S24: 4.6 | T24: 4.3 | U24: 4.9 | V24: 2.7 | W24: 2 | X24: 3 | Y24: 5 | Z24: 0.018576286 | AA24: 0.0041265714 | AB24: 0.00257 | AC24: 0.006766 | AD24: 0.0011865714 | AE24: 0.00091885714 | AF24: 0.013188286 | AG24: 0 | AH24: 1 | AI24: 0 | AJ24: 0 | AK24: 0 | AL24: 0 | AM24: 0 | AN24: 0 | AO24: 0 | AP24: 0 | BE24: =+IF(H24>2400,1,0) -> 0 | BF24: =+IF(I24>2400,1,0) -> 0 | BG24: =+IF(J24>2400,1,0) -> 0 | BH24: =+IF(K24>2400,1,0) -> 0 | BI24: =+IF(L24>2400,1,0) -> 0 | BJ24: =+IF(M24>2400,1,0) -> 0 | BK24: =+IF(N24>2400,1,0) -> 0 | BL24: =+IF(O24>2400,1,0) -> 0 | BM24: =+IF(Q24>5,1,0) -> 0 | BN24: =+IF(R24>5,1,0) -> 0 | BO24: =+IF(S24>5,1,0) -> 0 | BP24: =+IF(T24>5,1,0) -> 0 | BQ24: =+IF(U24>5,1,0) -> 0 | BR24: =+IF(V24>5,1,0) -> 0 | BS24: =+IF(W24>5,1,0) -> 0 | BT24: =+IF(X24>5,1,0) -> 0 | BU24: =+IF(Z24>5,1,0) -> 0 | BV24: =+IF(AA24>5,1,0) -> 0 | BW24: =+IF(AB24>5,1,0) -> 0 | BX24: =+IF(AC24>5,1,0) -> 0 | BY24: =+IF(AD24>5,1,0) -> 0 | BZ24: =+IF(AE24>5,1,0) -> 0 | CA24: =+IF(AF24>5,1,0) -> 0 | CB24: =+IF(AG24>5,1,0) -> 0 | CC24: =+IF(AI24>1,1,0) -> 0 | CD24: =+IF(AJ24>1,1,0) -> 0 | CE24: =+IF(AK24>1,1,0) -> 0 | CF24: =+IF(AL24>1,1,0) -> 0 | CG24: =+IF(AM24>1,1,0) -> 0 | CH24: =+IF(AN24>1,1,0) -> 0 | CI24: =+IF(AO24>1,1,0) -> 0 | CJ24: =+IF(AP24>1,1,0) -> 0 | CK24: =MAX(BE24,BM24,BU24,CC24)*$D24 -> 0 | CL24: =MAX(BF24,BN24,BV24,CD24)*$D24 -> 0 | CM24: =MAX(BG24,BO24,BW24,CE24)*$D24 -> 0 | CN24: =MAX(BH24,BP24,BX24,CF24)*$D24 -> 0 | CO24: =MAX(BI24,BQ24,BY24,CG24)*$D24 -> 0 | CP24: =MAX(BJ24,BR24,BZ24,CH24)*$D24 -> 0 | CQ24: =MAX(BK24,BS24,CA24,CI24)*$D24 -> 0 | CR24: =MAX(BL24,BT24,CB24,CJ24)*$D24 -> 0
A25: NH148N | B25: 216400 | C25: 216500 | D25: =+C25-B25 -> 100 | F25: Under Maintenance R3 | G25: 2400 | H25: 1081.4274 | I25: 1051.5659 | J25: 1292.8394 | K25: 1186.6284 | L25: 1036.669 | M25: 816.12289 | O25: 1346.3027 | P25: 5 | Q25: 3.1 | R25: 4.7 | S25: 3.3 | T25: 4.2 | U25: 4.7 | V25: 2.9 | X25: 3 | Y25: 5 | Z25: 0.017878571 | AA25: 0.003448 | AB25: 0.0010625714 | AC25: 0.0055662857 | AD25: 0.000496 | AE25: 0 | AG25: 0.00095314286 | AH25: 1 | AI25: 0.013428571 | AJ25: 0 | AK25: 0.02 | AL25: 0 | AM25: 0 | AN25: 0 | AP25: 2.618 | BE25: =+IF(H25>2400,1,0) -> 0 | BF25: =+IF(I25>2400,1,0) -> 0 | BG25: =+IF(J25>2400,1,0) -> 0 | BH25: =+IF(K25>2400,1,0) -> 0 | BI25: =+IF(L25>2400,1,0) -> 0 | BJ25: =+IF(M25>2400,1,0) -> 0 | BK25: =+IF(N25>2400,1,0) -> 0 | BL25: =+IF(O25>2400,1,0) -> 0 | BM25: =+IF(Q25>5,1,0) -> 0 | BN25: =+IF(R25>5,1,0) -> 0 | BO25: =+IF(S25>5,1,0) -> 0 | BP25: =+IF(T25>5,1,0) -> 0 | BQ25: =+IF(U25>5,1,0) -> 0 | BR25: =+IF(V25>5,1,0) -> 0 | BS25: =+IF(W25>5,1,0) -> 0 | BT25: =+IF(X25>5,1,0) -> 0 | BU25: =+IF(Z25>5,1,0) -> 0 | BV25: =+IF(AA25>5,1,0) -> 0 | BW25: =+IF(AB25>5,1,0) -> 0 | BX25: =+IF(AC25>5,1,0) -> 0 | BY25: =+IF(AD25>5,1,0) -> 0 | BZ25: =+IF(AE25>5,1,0) -> 0 | CA25: =+IF(AF25>5,1,0) -> 0 | CB25: =+IF(AG25>5,1,0) -> 0 | CC25: =+IF(AI25>1,1,0) -> 0 | CD25: =+IF(AJ25>1,1,0) -> 0 | CE25: =+IF(AK25>1,1,0) -> 0 | CF25: =+IF(AL25>1,1,0) -> 0 | CG25: =+IF(AM25>1,1,0) -> 0 | CH25: =+IF(AN25>1,1,0) -> 0 | CI25: =+IF(AO25>1,1,0) -> 0 | CJ25: =+IF(AP25>1,1,0) -> 1 | CK25: =MAX(BE25,BM25,BU25,CC25)*$D25 -> 0 | CL25: =MAX(BF25,BN25,BV25,CD25)*$D25 -> 0 | CM25: =MAX(BG25,BO25,BW25,CE25)*$D25 -> 0 | CN25: =MAX(BH25,BP25,BX25,CF25)*$D25 -> 0 | CO25: =MAX(BI25,BQ25,BY25,CG25)*$D25 -> 0 | CP25: =MAX(BJ25,BR25,BZ25,CH25)*$D25 -> 0 | CQ25: =MAX(BK25,BS25,CA25,CI25)*$D25 -> 0 | CR25: =MAX(BL25,BT25,CB25,CJ25)*$D25 -> 100
A26: NH148N | B26: 216500 | C26: 216600 | D26: =+C26-B26 -> 100 | F26: Under Maintenance R3 | G26: 2400 | H26: 896.32928 | I26: 962.53327 | J26: 984.71186 | K26: 1247.2012 | L26: 1269.9983 | M26: 1059.0228 | O26: 1407.683 | P26: 5 | Q26: 3.2 | R26: 4.8 | S26: 3.4 | T26: 4 | U26: 5.2 | V26: 3.6 | X26: 2.9 | Y26: 5 | Z26: 0.0055582857 | AA26: 0.0024417143 | AB26: 0.00043142857 | AC26: 0.00059942857 | AD26: 0.00067571429 | AE26: 0.00014857143 | AG26: 0.002544 | AH26: 1 | AI26: 0 | AJ26: 0 | AK26: 0 | AL26: 0 | AM26: 0 | AN26: 0 | AP26: 1.0942857 | BE26: =+IF(H26>2400,1,0) -> 0 | BF26: =+IF(I26>2400,1,0) -> 0 | BG26: =+IF(J26>2400,1,0) -> 0 | BH26: =+IF(K26>2400,1,0) -> 0 | BI26: =+IF(L26>2400,1,0) -> 0 | BJ26: =+IF(M26>2400,1,0) -> 0 | BK26: =+IF(N26>2400,1,0) -> 0 | BL26: =+IF(O26>2400,1,0) -> 0 | BM26: =+IF(Q26>5,1,0) -> 0 | BN26: =+IF(R26>5,1,0) -> 0 | BO26: =+IF(S26>5,1,0) -> 0 | BP26: =+IF(T26>5,1,0) -> 0 | BQ26: =+IF(U26>5,1,0) -> 1 | BR26: =+IF(V26>5,1,0) -> 0 | BS26: =+IF(W26>5,1,0) -> 0 | BT26: =+IF(X26>5,1,0) -> 0 | BU26: =+IF(Z26>5,1,0) -> 0 | BV26: =+IF(AA26>5,1,0) -> 0 | BW26: =+IF(AB26>5,1,0) -> 0 | BX26: =+IF(AC26>5,1,0) -> 0 | BY26: =+IF(AD26>5,1,0) -> 0 | BZ26: =+IF(AE26>5,1,0) -> 0 | CA26: =+IF(AF26>5,1,0) -> 0 | CB26: =+IF(AG26>5,1,0) -> 0 | CC26: =+IF(AI26>1,1,0) -> 0 | CD26: =+IF(AJ26>1,1,0) -> 0 | CE26: =+IF(AK26>1,1,0) -> 0 | CF26: =+IF(AL26>1,1,0) -> 0 | CG26: =+IF(AM26>1,1,0) -> 0 | CH26: =+IF(AN26>1,1,0) -> 0 | CI26: =+IF(AO26>1,1,0) -> 0 | CJ26: =+IF(AP26>1,1,0) -> 1 | CK26: =MAX(BE26,BM26,BU26,CC26)*$D26 -> 0 | CL26: =MAX(BF26,BN26,BV26,CD26)*$D26 -> 0 | CM26: =MAX(BG26,BO26,BW26,CE26)*$D26 -> 0 | CN26: =MAX(BH26,BP26,BX26,CF26)*$D26 -> 0 | CO26: =MAX(BI26,BQ26,BY26,CG26)*$D26 -> 100 | CP26: =MAX(BJ26,BR26,BZ26,CH26)*$D26 -> 0 | CQ26: =MAX(BK26,BS26,CA26,CI26)*$D26 -> 0 | CR26: =MAX(BL26,BT26,CB26,CJ26)*$D26 -> 100
A27: NH148N | B27: 216600 | C27: 216700 | D27: =+C27-B27 -> 100 | F27: Under Maintenance R3 | G27: 2400 | H27: 969.92011 | I27: 1036.669 | J27: 823.38076 | K27: 1346.3027 | L27: 1671.6533 | M27: 1648.17 | O27: 2358.5762 | P27: 5 | Q27: 3.1 | R27: 4.8 | S27: 3.3 | T27: 4.1 | U27: 4.8 | V27: 4.2 | X27: 2.6 | Y27: 5 | Z27: 0.012829429 | AA27: 0.0046928571 | AB27: 0.0015094286 | AC27: 0.0012745714 | AD27: 0.0019034286 | AE27: 0.00034742857 | AG27: 0.19366914 | AH27: 1 | AI27: 0.0020000001 | AJ27: 0 | AK27: 0.011428571 | AL27: 0 | AM27: 0 | AN27: 0 | AP27: 0.066571429 | BE27: =+IF(H27>2400,1,0) -> 0 | BF27: =+IF(I27>2400,1,0) -> 0 | BG27: =+IF(J27>2400,1,0) -> 0 | BH27: =+IF(K27>2400,1,0) -> 0 | BI27: =+IF(L27>2400,1,0) -> 0 | BJ27: =+IF(M27>2400,1,0) -> 0 | BK27: =+IF(N27>2400,1,0) -> 0 | BL27: =+IF(O27>2400,1,0) -> 0 | BM27: =+IF(Q27>5,1,0) -> 0 | BN27: =+IF(R27>5,1,0) -> 0 | BO27: =+IF(S27>5,1,0) -> 0 | BP27: =+IF(T27>5,1,0) -> 0 | BQ27: =+IF(U27>5,1,0) -> 0 | BR27: =+IF(V27>5,1,0) -> 0 | BS27: =+IF(W27>5,1,0) -> 0 | BT27: =+IF(X27>5,1,0) -> 0 | BU27: =+IF(Z27>5,1,0) -> 0 | BV27: =+IF(AA27>5,1,0) -> 0 | BW27: =+IF(AB27>5,1,0) -> 0 | BX27: =+IF(AC27>5,1,0) -> 0 | BY27: =+IF(AD27>5,1,0) -> 0 | BZ27: =+IF(AE27>5,1,0) -> 0 | CA27: =+IF(AF27>5,1,0) -> 0 | CB27: =+IF(AG27>5,1,0) -> 0 | CC27: =+IF(AI27>1,1,0) -> 0 | CD27: =+IF(AJ27>1,1,0) -> 0 | CE27: =+IF(AK27>1,1,0) -> 0 | CF27: =+IF(AL27>1,1,0) -> 0 | CG27: =+IF(AM27>1,1,0) -> 0 | CH27: =+IF(AN27>1,1,0) -> 0 | CI27: =+IF(AO27>1,1,0) -> 0 | CJ27: =+IF(AP27>1,1,0) -> 0 | CK27: =MAX(BE27,BM27,BU27,CC27)*$D27 -> 0 | CL27: =MAX(BF27,BN27,BV27,CD27)*$D27 -> 0 | CM27: =MAX(BG27,BO27,BW27,CE27)*$D27 -> 0 | CN27: =MAX(BH27,BP27,BX27,CF27)*$D27 -> 0 | CO27: =MAX(BI27,BQ27,BY27,CG27)*$D27 -> 0 | CP27: =MAX(BJ27,BR27,BZ27,CH27)*$D27 -> 0 | CQ27: =MAX(BK27,BS27,CA27,CI27)*$D27 -> 0 | CR27: =MAX(BL27,BT27,CB27,CJ27)*$D27 -> 0
A28: NH148N | B28: 216700 | C28: 216800 | D28: =+C28-B28 -> 100 | E28: SVUP | F28: Under Maintenance R3 | G28: 2400 | H28: 1570.1531 | I28: 1254.7953 | J28: 2156.3356 | K28: 2180.501 | L28: 867.07045 | M28: 874.37539 | O28: 1346.3027 | P28: 5 | Q28: 2.9 | R28: 4.3 | S28: 3.2 | T28: 3.8 | U28: 3.7 | V28: 2.9 | X28: 2.9 | Y28: 5 | Z28: 1.5277589 | AA28: 0.010586 | AB28: 0.00062714286 | AC28: 0.0019994286 | AD28: 0.0029991429 | AE28: 0 | AG28: 0.0026914286 | AH28: 1 | AI28: 0.0074285713 | AJ28: 0.010285714 | AK28: 0.022285714 | AL28: 0 | AM28: 0 | AN28: 0 | AP28: 0.0042857143 | BE28: =+IF(H28>2400,1,0) -> 0 | BF28: =+IF(I28>2400,1,0) -> 0 | BG28: =+IF(J28>2400,1,0) -> 0 | BH28: =+IF(K28>2400,1,0) -> 0 | BI28: =+IF(L28>2400,1,0) -> 0 | BJ28: =+IF(M28>2400,1,0) -> 0 | BK28: =+IF(N28>2400,1,0) -> 0 | BL28: =+IF(O28>2400,1,0) -> 0 | BM28: =+IF(Q28>5,1,0) -> 0 | BN28: =+IF(R28>5,1,0) -> 0 | BO28: =+IF(S28>5,1,0) -> 0 | BP28: =+IF(T28>5,1,0) -> 0 | BQ28: =+IF(U28>5,1,0) -> 0 | BR28: =+IF(V28>5,1,0) -> 0 | BS28: =+IF(W28>5,1,0) -> 0 | BT28: =+IF(X28>5,1,0) -> 0 | BU28: =+IF(Z28>5,1,0) -> 0 | BV28: =+IF(AA28>5,1,0) -> 0 | BW28: =+IF(AB28>5,1,0) -> 0 | BX28: =+IF(AC28>5,1,0) -> 0 | BY28: =+IF(AD28>5,1,0) -> 0 | BZ28: =+IF(AE28>5,1,0) -> 0 | CA28: =+IF(AF28>5,1,0) -> 0 | CB28: =+IF(AG28>5,1,0) -> 0 | CC28: =+IF(AI28>1,1,0) -> 0 | CD28: =+IF(AJ28>1,1,0) -> 0 | CE28: =+IF(AK28>1,1,0) -> 0 | CF28: =+IF(AL28>1,1,0) -> 0 | CG28: =+IF(AM28>1,1,0) -> 0 | CH28: =+IF(AN28>1,1,0) -> 0 | CI28: =+IF(AO28>1,1,0) -> 0 | CJ28: =+IF(AP28>1,1,0) -> 0 | CK28: =MAX(BE28,BM28,BU28,CC28)*$D28 -> 0 | CL28: =MAX(BF28,BN28,BV28,CD28)*$D28 -> 0 | CM28: =MAX(BG28,BO28,BW28,CE28)*$D28 -> 0 | CN28: =MAX(BH28,BP28,BX28,CF28)*$D28 -> 0 | CO28: =MAX(BI28,BQ28,BY28,CG28)*$D28 -> 0 | CP28: =MAX(BJ28,BR28,BZ28,CH28)*$D28 -> 0 | CQ28: =MAX(BK28,BS28,CA28,CI28)*$D28 -> 0 | CR28: =MAX(BL28,BT28,CB28,CJ28)*$D28 -> 0
A29: NH148N | B29: 216800 | C29: 216900 | D29: =+C29-B29 -> 100 | G29: 2400 | H29: 1361.6202 | I29: 2926.1482 | J29: 1964.078 | K29: 1844.9216 | L29: 955.15249 | M29: 881.68686 | N29: 1163.9979 | O29: 1171.5362 | P29: 5 | Q29: 2.7 | R29: 3.1 | S29: 3.9 | T29: 4.3 | U29: 4.4 | V29: 3.1 | W29: 2.9 | X29: 2.8 | Y29: 5 | Z29: 1.041838 | AA29: 0.052084286 | AB29: 0.0026428571 | AC29: 0.0036451429 | AD29: 0.002668 | AE29: 0.00029714286 | AF29: 0.00060885714 | AG29: 0.001098 | AH29: 1 | AI29: 0.022285715 | AJ29: 0.32742857 | AK29: 0 | AL29: 0 | AM29: 0 | AN29: 0 | AO29: 0 | AP29: 0.0022857143 | BE29: =+IF(H29>2400,1,0) -> 0 | BF29: =+IF(I29>2400,1,0) -> 1 | BG29: =+IF(J29>2400,1,0) -> 0 | BH29: =+IF(K29>2400,1,0) -> 0 | BI29: =+IF(L29>2400,1,0) -> 0 | BJ29: =+IF(M29>2400,1,0) -> 0 | BK29: =+IF(N29>2400,1,0) -> 0 | BL29: =+IF(O29>2400,1,0) -> 0 | BM29: =+IF(Q29>5,1,0) -> 0 | BN29: =+IF(R29>5,1,0) -> 0 | BO29: =+IF(S29>5,1,0) -> 0 | BP29: =+IF(T29>5,1,0) -> 0 | BQ29: =+IF(U29>5,1,0) -> 0 | BR29: =+IF(V29>5,1,0) -> 0 | BS29: =+IF(W29>5,1,0) -> 0 | BT29: =+IF(X29>5,1,0) -> 0 | BU29: =+IF(Z29>5,1,0) -> 0 | BV29: =+IF(AA29>5,1,0) -> 0 | BW29: =+IF(AB29>5,1,0) -> 0 | BX29: =+IF(AC29>5,1,0) -> 0 | BY29: =+IF(AD29>5,1,0) -> 0 | BZ29: =+IF(AE29>5,1,0) -> 0 | CA29: =+IF(AF29>5,1,0) -> 0 | CB29: =+IF(AG29>5,1,0) -> 0 | CC29: =+IF(AI29>1,1,0) -> 0 | CD29: =+IF(AJ29>1,1,0) -> 0 | CE29: =+IF(AK29>1,1,0) -> 0 | CF29: =+IF(AL29>1,1,0) -> 0 | CG29: =+IF(AM29>1,1,0) -> 0 | CH29: =+IF(AN29>1,1,0) -> 0 | CI29: =+IF(AO29>1,1,0) -> 0 | CJ29: =+IF(AP29>1,1,0) -> 0 | CK29: =MAX(BE29,BM29,BU29,CC29)*$D29 -> 0 | CL29: =MAX(BF29,BN29,BV29,CD29)*$D29 -> 100 | CM29: =MAX(BG29,BO29,BW29,CE29)*$D29 -> 0 | CN29: =MAX(BH29,BP29,BX29,CF29)*$D29 -> 0 | CO29: =MAX(BI29,BQ29,BY29,CG29)*$D29 -> 0 | CP29: =MAX(BJ29,BR29,BZ29,CH29)*$D29 -> 0 | CQ29: =MAX(BK29,BS29,CA29,CI29)*$D29 -> 0 | CR29: =MAX(BL29,BT29,CB29,CJ29)*$D29 -> 0
A30: NH148N | B30: 216900 | C30: 217000 | D30: =+C30-B30 -> 100 | G30: 2400 | H30: 969.92011 | I30: 925.69082 | J30: 1484.8125 | K30: 1554.5988 | L30: 881.68686 | M30: 816.12289 | N30: 940.40929 | O30: 1088.9067 | P30: 5 | Q30: 2.3 | R30: 4.4 | S30: 3.8 | T30: 4.5 | U30: 3.6 | V30: 2.7 | W30: 2.7 | X30: 3 | Y30: 5 | Z30: 0.028099429 | AA30: 0.0035905714 | AB30: 0.000576 | AC30: 0.0044074286 | AD30: 0.0054151429 | AE30: 0.00074428571 | AF30: 0 | AG30: 0.0013514286 | AH30: 1 | AI30: 0 | AJ30: 0 | AK30: 0.061142857 | AL30: 0.0037142857 | AM30: 0 | AN30: 0 | AO30: 0.015714286 | AP30: 0 | BE30: =+IF(H30>2400,1,0) -> 0 | BF30: =+IF(I30>2400,1,0) -> 0 | BG30: =+IF(J30>2400,1,0) -> 0 | BH30: =+IF(K30>2400,1,0) -> 0 | BI30: =+IF(L30>2400,1,0) -> 0 | BJ30: =+IF(M30>2400,1,0) -> 0 | BK30: =+IF(N30>2400,1,0) -> 0 | BL30: =+IF(O30>2400,1,0) -> 0 | BM30: =+IF(Q30>5,1,0) -> 0 | BN30: =+IF(R30>5,1,0) -> 0 | BO30: =+IF(S30>5,1,0) -> 0 | BP30: =+IF(T30>5,1,0) -> 0 | BQ30: =+IF(U30>5,1,0) -> 0 | BR30: =+IF(V30>5,1,0) -> 0 | BS30: =+IF(W30>5,1,0) -> 0 | BT30: =+IF(X30>5,1,0) -> 0 | BU30: =+IF(Z30>5,1,0) -> 0 | BV30: =+IF(AA30>5,1,0) -> 0 | BW30: =+IF(AB30>5,1,0) -> 0 | BX30: =+IF(AC30>5,1,0) -> 0 | BY30: =+IF(AD30>5,1,0) -> 0 | BZ30: =+IF(AE30>5,1,0) -> 0 | CA30: =+IF(AF30>5,1,0) -> 0 | CB30: =+IF(AG30>5,1,0) -> 0 | CC30: =+IF(AI30>1,1,0) -> 0 | CD30: =+IF(AJ30>1,1,0) -> 0 | CE30: =+IF(AK30>1,1,0) -> 0 | CF30: =+IF(AL30>1,1,0) -> 0 | CG30: =+IF(AM30>1,1,0) -> 0 | CH30: =+IF(AN30>1,1,0) -> 0 | CI30: =+IF(AO30>1,1,0) -> 0 | CJ30: =+IF(AP30>1,1,0) -> 0 | CK30: =MAX(BE30,BM30,BU30,CC30)*$D30 -> 0 | CL30: =MAX(BF30,BN30,BV30,CD30)*$D30 -> 0 | CM30: =MAX(BG30,BO30,BW30,CE30)*$D30 -> 0 | CN30: =MAX(BH30,BP30,BX30,CF30)*$D30 -> 0 | CO30: =MAX(BI30,BQ30,BY30,CG30)*$D30 -> 0 | CP30: =MAX(BJ30,BR30,BZ30,CH30)*$D30 -> 0 | CQ30: =MAX(BK30,BS30,CA30,CI30)*$D30 -> 0 | CR30: =MAX(BL30,BT30,CB30,CJ30)*$D30 -> 0
A31: NH148N | B31: 217000 | C31: 217100 | D31: =+C31-B31 -> 100 | G31: 2400 | H31: 1126.3852 | I31: 1029.2291 | J31: 1044.1146 | K31: 1133.8971 | L31: 1194.1822 | M31: 1021.795 | N31: 1338.6509 | O31: 1508.0364 | P31: 5 | Q31: 2.9 | R31: 4 | S31: 3.9 | T31: 5.2 | U31: 4.8 | V31: 3.9 | W31: 2.6 | X31: 3.4 | Y31: 5 | Z31: 5.6400423 | AA31: 0.20675029 | AB31: 0.0025597143 | AC31: 0.0044802857 | AD31: 0.0084902857 | AE31: 0.00059485714 | AF31: 0.0018377143 | AG31: 0.0031328571 | AH31: 1 | AI31: 0.23085714 | AJ31: 0.0031428571 | AK31: 0.032 | AL31: 0 | AM31: 0 | AN31: 0.011428571 | AO31: 0.0065714286 | AP31: 0 | BE31: =+IF(H31>2400,1,0) -> 0 | BF31: =+IF(I31>2400,1,0) -> 0 | BG31: =+IF(J31>2400,1,0) -> 0 | BH31: =+IF(K31>2400,1,0) -> 0 | BI31: =+IF(L31>2400,1,0) -> 0 | BJ31: =+IF(M31>2400,1,0) -> 0 | BK31: =+IF(N31>2400,1,0) -> 0 | BL31: =+IF(O31>2400,1,0) -> 0 | BM31: =+IF(Q31>5,1,0) -> 0 | BN31: =+IF(R31>5,1,0) -> 0 | BO31: =+IF(S31>5,1,0) -> 0 | BP31: =+IF(T31>5,1,0) -> 1 | BQ31: =+IF(U31>5,1,0) -> 0 | BR31: =+IF(V31>5,1,0) -> 0 | BS31: =+IF(W31>5,1,0) -> 0 | BT31: =+IF(X31>5,1,0) -> 0 | BU31: =+IF(Z31>5,1,0) -> 1 | BV31: =+IF(AA31>5,1,0) -> 0 | BW31: =+IF(AB31>5,1,0) -> 0 | BX31: =+IF(AC31>5,1,0) -> 0 | BY31: =+IF(AD31>5,1,0) -> 0 | BZ31: =+IF(AE31>5,1,0) -> 0 | CA31: =+IF(AF31>5,1,0) -> 0 | CB31: =+IF(AG31>5,1,0) -> 0 | CC31: =+IF(AI31>1,1,0) -> 0 | CD31: =+IF(AJ31>1,1,0) -> 0 | CE31: =+IF(AK31>1,1,0) -> 0 | CF31: =+IF(AL31>1,1,0) -> 0 | CG31: =+IF(AM31>1,1,0) -> 0 | CH31: =+IF(AN31>1,1,0) -> 0 | CI31: =+IF(AO31>1,1,0) -> 0 | CJ31: =+IF(AP31>1,1,0) -> 0 | CK31: =MAX(BE31,BM31,BU31,CC31)*$D31 -> 100 | CL31: =MAX(BF31,BN31,BV31,CD31)*$D31 -> 0 | CM31: =MAX(BG31,BO31,BW31,CE31)*$D31 -> 0 | CN31: =MAX(BH31,BP31,BX31,CF31)*$D31 -> 100 | CO31: =MAX(BI31,BQ31,BY31,CG31)*$D31 -> 0 | CP31: =MAX(BJ31,BR31,BZ31,CH31)*$D31 -> 0 | CQ31: =MAX(BK31,BS31,CA31,CI31)*$D31 -> 0 | CR31: =MAX(BL31,BT31,CB31,CJ31)*$D31 -> 0
A32: NH148N | B32: 217100 | C32: 217200 | D32: =+C32-B32 -> 100 | E32: Culvert | G32: 2400 | H32: 1750.1844 | I32: 1773.8184 | J32: 1844.9216 | K32: 1687.3285 | L32: 1338.6509 | M32: 962.53327 | N32: 1232.0278 | O32: 1331.0039 | P32: 5 | Q32: 4.5 | R32: 3.3 | S32: 3.6 | T32: 4.4 | U32: 3.8 | V32: 5 | W32: 2.8 | X32: 3.5 | Y32: 5 | Z32: 6.7000514 | AA32: 0.0014237143 | AB32: 0.001532 | AC32: 0.0095162857 | AD32: 0.0049228571 | AE32: 0.000734 | AF32: 0.00038742857 | AG32: 0.000686 | AH32: 1 | AI32: 0.72228571 | AJ32: 0.049142857 | AK32: 0.025428571 | AL32: 0.013428571 | AM32: 0 | AN32: 0 | AO32: 0.0037142857 | AP32: 0 | AR32: Lane Number | AS32: L1 | AT32: L2 | AU32: L3 | AV32: L4 | AW32: R1 | AX32: R2 | AY32: R3 | AZ32: R4 | BE32: =+IF(H32>2400,1,0) -> 0 | BF32: =+IF(I32>2400,1,0) -> 0 | BG32: =+IF(J32>2400,1,0) -> 0 | BH32: =+IF(K32>2400,1,0) -> 0 | BI32: =+IF(L32>2400,1,0) -> 0 | BJ32: =+IF(M32>2400,1,0) -> 0 | BK32: =+IF(N32>2400,1,0) -> 0 | BL32: =+IF(O32>2400,1,0) -> 0 | BM32: =+IF(Q32>5,1,0) -> 0 | BN32: =+IF(R32>5,1,0) -> 0 | BO32: =+IF(S32>5,1,0) -> 0 | BP32: =+IF(T32>5,1,0) -> 0 | BQ32: =+IF(U32>5,1,0) -> 0 | BR32: =+IF(V32>5,1,0) -> 0 | BS32: =+IF(W32>5,1,0) -> 0 | BT32: =+IF(X32>5,1,0) -> 0 | BU32: =+IF(Z32>5,1,0) -> 1 | BV32: =+IF(AA32>5,1,0) -> 0 | BW32: =+IF(AB32>5,1,0) -> 0 | BX32: =+IF(AC32>5,1,0) -> 0 | BY32: =+IF(AD32>5,1,0) -> 0 | BZ32: =+IF(AE32>5,1,0) -> 0 | CA32: =+IF(AF32>5,1,0) -> 0 | CB32: =+IF(AG32>5,1,0) -> 0 | CC32: =+IF(AI32>1,1,0) -> 0 | CD32: =+IF(AJ32>1,1,0) -> 0 | CE32: =+IF(AK32>1,1,0) -> 0 | CF32: =+IF(AL32>1,1,0) -> 0 | CG32: =+IF(AM32>1,1,0) -> 0 | CH32: =+IF(AN32>1,1,0) -> 0 | CI32: =+IF(AO32>1,1,0) -> 0 | CJ32: =+IF(AP32>1,1,0) -> 0 | CK32: =MAX(BE32,BM32,BU32,CC32)*$D32 -> 100 | CL32: =MAX(BF32,BN32,BV32,CD32)*$D32 -> 0 | CM32: =MAX(BG32,BO32,BW32,CE32)*$D32 -> 0 | CN32: =MAX(BH32,BP32,BX32,CF32)*$D32 -> 0 | CO32: =MAX(BI32,BQ32,BY32,CG32)*$D32 -> 0 | CP32: =MAX(BJ32,BR32,BZ32,CH32)*$D32 -> 0 | CQ32: =MAX(BK32,BS32,CA32,CI32)*$D32 -> 0 | CR32: =MAX(BL32,BT32,CB32,CJ32)*$D32 -> 0
A33: NH148N | B33: 217200 | C33: 217300 | D33: =+C33-B33 -> 100 | G33: 2400 | H33: 859.77211 | I33: 859.77211 | J33: 969.92011 | K33: 1224.4486 | L33: 1216.8744 | M33: 1269.9983 | N33: 1577.9365 | O33: 1577.9365 | P33: 5 | Q33: 2.7 | R33: 4.8 | S33: 3.1 | T33: 4 | U33: 4.7 | V33: 4.8 | W33: 2.7 | X33: 3.7 | Y33: 5 | Z33: 3.9027994 | AA33: 0.0051437143 | AB33: 0.000216 | AC33: 0.0026602857 | AD33: 0.010385429 | AE33: 6.7142857e-05 | AF33: 0.00028228571 | AG33: 0.004544 | AH33: 1 | AI33: 0.0085714289 | AJ33: 0 | AK33: 0.022285714 | AL33: 0 | AM33: 0 | AN33: 0.011714286 | AO33: 0.0048571429 | AP33: 0 | AR33: Average Lane Rut Depth in mm | AS33: =AVERAGE(Q:Q) -> 2.3945289 | AT33: =AVERAGE(R:R) -> 3.6270517 | AU33: =AVERAGE(S:S) -> 4.0593272 | AV33: =AVERAGE(T:T) -> 4.3036697 | AW33: =AVERAGE(U:U) -> 3.9151515 | AX33: =AVERAGE(V:V) -> 3.7681818 | AY33: =AVERAGE(W:W) -> 3.0339564 | AZ33: =AVERAGE(X:X) -> 3.7790909 | BE33: =+IF(H33>2400,1,0) -> 0 | BF33: =+IF(I33>2400,1,0) -> 0 | BG33: =+IF(J33>2400,1,0) -> 0 | BH33: =+IF(K33>2400,1,0) -> 0 | BI33: =+IF(L33>2400,1,0) -> 0 | BJ33: =+IF(M33>2400,1,0) -> 0 | BK33: =+IF(N33>2400,1,0) -> 0 | BL33: =+IF(O33>2400,1,0) -> 0 | BM33: =+IF(Q33>5,1,0) -> 0 | BN33: =+IF(R33>5,1,0) -> 0 | BO33: =+IF(S33>5,1,0) -> 0 | BP33: =+IF(T33>5,1,0) -> 0 | BQ33: =+IF(U33>5,1,0) -> 0 | BR33: =+IF(V33>5,1,0) -> 0 | BS33: =+IF(W33>5,1,0) -> 0 | BT33: =+IF(X33>5,1,0) -> 0 | BU33: =+IF(Z33>5,1,0) -> 0 | BV33: =+IF(AA33>5,1,0) -> 0 | BW33: =+IF(AB33>5,1,0) -> 0 | BX33: =+IF(AC33>5,1,0) -> 0 | BY33: =+IF(AD33>5,1,0) -> 0 | BZ33: =+IF(AE33>5,1,0) -> 0 | CA33: =+IF(AF33>5,1,0) -> 0 | CB33: =+IF(AG33>5,1,0) -> 0 | CC33: =+IF(AI33>1,1,0) -> 0 | CD33: =+IF(AJ33>1,1,0) -> 0 | CE33: =+IF(AK33>1,1,0) -> 0 | CF33: =+IF(AL33>1,1,0) -> 0 | CG33: =+IF(AM33>1,1,0) -> 0 | CH33: =+IF(AN33>1,1,0) -> 0 | CI33: =+IF(AO33>1,1,0) -> 0 | CJ33: =+IF(AP33>1,1,0) -> 0 | CK33: =MAX(BE33,BM33,BU33,CC33)*$D33 -> 0 | CL33: =MAX(BF33,BN33,BV33,CD33)*$D33 -> 0 | CM33: =MAX(BG33,BO33,BW33,CE33)*$D33 -> 0 | CN33: =MAX(BH33,BP33,BX33,CF33)*$D33 -> 0 | CO33: =MAX(BI33,BQ33,BY33,CG33)*$D33 -> 0 | CP33: =MAX(BJ33,BR33,BZ33,CH33)*$D33 -> 0 | CQ33: =MAX(BK33,BS33,CA33,CI33)*$D33 -> 0 | CR33: =MAX(BL33,BT33,CB33,CJ33)*$D33 -> 0
A34: NH148N | B34: 217300 | C34: 217400 | D34: =+C34-B34 -> 100 | G34: 2400 | H34: 1331.0039 | I34: 1407.683 | J34: 1932.2251 | K34: 2019.9534 | L34: 1300.4628 | M34: 1323.3615 | N34: 1718.7257 | O34: 1593.5155 | P34: 5 | Q34: 3.5 | R34: 4.5 | S34: 3.2 | T34: 4 | U34: 5.1 | V34: 2.9 | W34: 2.9 | X34: 3.4 | Y34: 5 | Z34: 2.0441314 | AA34: 0.0092197143 | AB34: 0.0038517143 | AC34: 0.0070154286 | AD34: 0.016474286 | AE34: 0.0019562857 | AF34: 0.00071742857 | AG34: 0.00097057143 | AH34: 1 | AI34: 0.0022857144 | AJ34: 0 | AK34: 0.062571429 | AL34: 0.013428571 | AM34: 0 | AN34: 0 | AO34: 0.029142857 | AP34: 0.0065714286 | AR34: Rectification Length in m | AS34: =SUMIF(Q:Q,">5",$D:$D) -> 0 | AT34: =SUMIF(R:R,">5",$D:$D) -> 100 | AU34: =SUMIF(S:S,">5",$D:$D) -> 4910 | AV34: =SUMIF(T:T,">5",$D:$D) -> 4000 | AW34: =SUMIF(U:U,">5",$D:$D) -> 1010 | AX34: =SUMIF(V:V,">5",$D:$D) -> 1100 | AY34: =SUMIF(W:W,">5",$D:$D) -> 100 | AZ34: =SUMIF(X:X,">5",$D:$D) -> 4700 | BE34: =+IF(H34>2400,1,0) -> 0 | BF34: =+IF(I34>2400,1,0) -> 0 | BG34: =+IF(J34>2400,1,0) -> 0 | BH34: =+IF(K34>2400,1,0) -> 0 | BI34: =+IF(L34>2400,1,0) -> 0 | BJ34: =+IF(M34>2400,1,0) -> 0 | BK34: =+IF(N34>2400,1,0) -> 0 | BL34: =+IF(O34>2400,1,0) -> 0 | BM34: =+IF(Q34>5,1,0) -> 0 | BN34: =+IF(R34>5,1,0) -> 0 | BO34: =+IF(S34>5,1,0) -> 0 | BP34: =+IF(T34>5,1,0) -> 0 | BQ34: =+IF(U34>5,1,0) -> 1 | BR34: =+IF(V34>5,1,0) -> 0 | BS34: =+IF(W34>5,1,0) -> 0 | BT34: =+IF(X34>5,1,0) -> 0 | BU34: =+IF(Z34>5,1,0) -> 0 | BV34: =+IF(AA34>5,1,0) -> 0 | BW34: =+IF(AB34>5,1,0) -> 0 | BX34: =+IF(AC34>5,1,0) -> 0 | BY34: =+IF(AD34>5,1,0) -> 0 | BZ34: =+IF(AE34>5,1,0) -> 0 | CA34: =+IF(AF34>5,1,0) -> 0 | CB34: =+IF(AG34>5,1,0) -> 0 | CC34: =+IF(AI34>1,1,0) -> 0 | CD34: =+IF(AJ34>1,1,0) -> 0 | CE34: =+IF(AK34>1,1,0) -> 0 | CF34: =+IF(AL34>1,1,0) -> 0 | CG34: =+IF(AM34>1,1,0) -> 0 | CH34: =+IF(AN34>1,1,0) -> 0 | CI34: =+IF(AO34>1,1,0) -> 0 | CJ34: =+IF(AP34>1,1,0) -> 0 | CK34: =MAX(BE34,BM34,BU34,CC34)*$D34 -> 0 | CL34: =MAX(BF34,BN34,BV34,CD34)*$D34 -> 0 | CM34: =MAX(BG34,BO34,BW34,CE34)*$D34 -> 0 | CN34: =MAX(BH34,BP34,BX34,CF34)*$D34 -> 0 | CO34: =MAX(BI34,BQ34,BY34,CG34)*$D34 -> 100 | CP34: =MAX(BJ34,BR34,BZ34,CH34)*$D34 -> 0 | CQ34: =MAX(BK34,BS34,CA34,CI34)*$D34 -> 0 | CR34: =MAX(BL34,BT34,CB34,CJ34)*$D34 -> 0
A35: NH148N | B35: 217400 | C35: 217500 | D35: =+C35-B35 -> 100 | F35: Under Maintenance R3 | G35: 2400 | H35: 984.71186 | I35: 933.04694 | J35: 1376.9562 | K35: 1285.2209 | L35: 1148.9369 | M35: 1285.2209 | O35: 1515.7862 | P35: 5 | Q35: 2.7 | R35: 4.7 | S35: 2.8 | T35: 4.4 | U35: 5.1 | V35: 4.3 | X35: 3.5 | Y35: 5 | Z35: 2.218532 | AA35: 0.0025942857 | AB35: 0.00037171429 | AC35: 0.002628 | AD35: 0.0018648571 | AE35: 0.00026771429 | AG35: 0.003256 | AH35: 1 | AI35: 0.0054285717 | AJ35: 0 | AK35: 0.0045714286 | AL35: 0 | AM35: 0 | AN35: 0 | AP35: 0 | BE35: =+IF(H35>2400,1,0) -> 0 | BF35: =+IF(I35>2400,1,0) -> 0 | BG35: =+IF(J35>2400,1,0) -> 0 | BH35: =+IF(K35>2400,1,0) -> 0 | BI35: =+IF(L35>2400,1,0) -> 0 | BJ35: =+IF(M35>2400,1,0) -> 0 | BK35: =+IF(N35>2400,1,0) -> 0 | BL35: =+IF(O35>2400,1,0) -> 0 | BM35: =+IF(Q35>5,1,0) -> 0 | BN35: =+IF(R35>5,1,0) -> 0 | BO35: =+IF(S35>5,1,0) -> 0 | BP35: =+IF(T35>5,1,0) -> 0 | BQ35: =+IF(U35>5,1,0) -> 1 | BR35: =+IF(V35>5,1,0) -> 0 | BS35: =+IF(W35>5,1,0) -> 0 | BT35: =+IF(X35>5,1,0) -> 0 | BU35: =+IF(Z35>5,1,0) -> 0 | BV35: =+IF(AA35>5,1,0) -> 0 | BW35: =+IF(AB35>5,1,0) -> 0 | BX35: =+IF(AC35>5,1,0) -> 0 | BY35: =+IF(AD35>5,1,0) -> 0 | BZ35: =+IF(AE35>5,1,0) -> 0 | CA35: =+IF(AF35>5,1,0) -> 0 | CB35: =+IF(AG35>5,1,0) -> 0 | CC35: =+IF(AI35>1,1,0) -> 0 | CD35: =+IF(AJ35>1,1,0) -> 0 | CE35: =+IF(AK35>1,1,0) -> 0 | CF35: =+IF(AL35>1,1,0) -> 0 | CG35: =+IF(AM35>1,1,0) -> 0 | CH35: =+IF(AN35>1,1,0) -> 0 | CI35: =+IF(AO35>1,1,0) -> 0 | CJ35: =+IF(AP35>1,1,0) -> 0 | CK35: =MAX(BE35,BM35,BU35,CC35)*$D35 -> 0 | CL35: =MAX(BF35,BN35,BV35,CD35)*$D35 -> 0 | CM35: =MAX(BG35,BO35,BW35,CE35)*$D35 -> 0 | CN35: =MAX(BH35,BP35,BX35,CF35)*$D35 -> 0 | CO35: =MAX(BI35,BQ35,BY35,CG35)*$D35 -> 100 | CP35: =MAX(BJ35,BR35,BZ35,CH35)*$D35 -> 0 | CQ35: =MAX(BK35,BS35,CA35,CI35)*$D35 -> 0 | CR35: =MAX(BL35,BT35,CB35,CJ35)*$D35 -> 0
A36: NH148N | B36: 217500 | C36: 217600 | D36: =+C36-B36 -> 100 | F36: Under Maintenance R3 | G36: 2400 | H36: 1171.5362 | I36: 1111.3775 | J36: 1531.2986 | K36: 1710.8706 | L36: 1423.0735 | M36: 1492.5495 | O36: 1884.5514 | P36: 5 | Q36: 3 | R36: 4.8 | S36: 3.1 | T36: 4.9 | U36: 5.3 | V36: 3.4 | X36: 3.4 | Y36: 5 | Z36: 0.036061714 | AA36: 0.00079428571 | AB36: 0.0026534286 | AC36: 0.00057514286 | AD36: 0.0085285714 | AE36: 0.00093685714 | AG36: 0.14624086 | AH36: 1 | AI36: 0.014857142 | AJ36: 0 | AK36: 0 | AL36: 0 | AM36: 0 | AN36: 0 | AP36: 0.12 | BE36: =+IF(H36>2400,1,0) -> 0 | BF36: =+IF(I36>2400,1,0) -> 0 | BG36: =+IF(J36>2400,1,0) -> 0 | BH36: =+IF(K36>2400,1,0) -> 0 | BI36: =+IF(L36>2400,1,0) -> 0 | BJ36: =+IF(M36>2400,1,0) -> 0 | BK36: =+IF(N36>2400,1,0) -> 0 | BL36: =+IF(O36>2400,1,0) -> 0 | BM36: =+IF(Q36>5,1,0) -> 0 | BN36: =+IF(R36>5,1,0) -> 0 | BO36: =+IF(S36>5,1,0) -> 0 | BP36: =+IF(T36>5,1,0) -> 0 | BQ36: =+IF(U36>5,1,0) -> 1 | BR36: =+IF(V36>5,1,0) -> 0 | BS36: =+IF(W36>5,1,0) -> 0 | BT36: =+IF(X36>5,1,0) -> 0 | BU36: =+IF(Z36>5,1,0) -> 0 | BV36: =+IF(AA36>5,1,0) -> 0 | BW36: =+IF(AB36>5,1,0) -> 0 | BX36: =+IF(AC36>5,1,0) -> 0 | BY36: =+IF(AD36>5,1,0) -> 0 | BZ36: =+IF(AE36>5,1,0) -> 0 | CA36: =+IF(AF36>5,1,0) -> 0 | CB36: =+IF(AG36>5,1,0) -> 0 | CC36: =+IF(AI36>1,1,0) -> 0 | CD36: =+IF(AJ36>1,1,0) -> 0 | CE36: =+IF(AK36>1,1,0) -> 0 | CF36: =+IF(AL36>1,1,0) -> 0 | CG36: =+IF(AM36>1,1,0) -> 0 | CH36: =+IF(AN36>1,1,0) -> 0 | CI36: =+IF(AO36>1,1,0) -> 0 | CJ36: =+IF(AP36>1,1,0) -> 0 | CK36: =MAX(BE36,BM36,BU36,CC36)*$D36 -> 0 | CL36: =MAX(BF36,BN36,BV36,CD36)*$D36 -> 0 | CM36: =MAX(BG36,BO36,BW36,CE36)*$D36 -> 0 | CN36: =MAX(BH36,BP36,BX36,CF36)*$D36 -> 0 | CO36: =MAX(BI36,BQ36,BY36,CG36)*$D36 -> 100 | CP36: =MAX(BJ36,BR36,BZ36,CH36)*$D36 -> 0 | CQ36: =MAX(BK36,BS36,CA36,CI36)*$D36 -> 0 | CR36: =MAX(BL36,BT36,CB36,CJ36)*$D36 -> 0
A37: NH148N | B37: 217600 | C37: 217700 | D37: =+C37-B37 -> 100 | G37: 2400 | H37: 808.87193 | I37: 729.58179 | J37: 947.77782 | K37: 1051.5659 | L37: 1940.1831 | M37: 1844.9216 | N37: 1648.17 | O37: 1601.3111 | P37: 5 | Q37: 3.3 | R37: 4.9 | S37: 2.8 | T37: 4.9 | U37: 3.7 | V37: 2.6 | W37: 2.6 | X37: 2.6 | Y37: 5 | Z37: 0.88866971 | AA37: 0.00026 | AB37: 4.6285714e-05 | AC37: 0.00054428571 | AD37: 0.024431714 | AE37: 0.00267 | AF37: 0.0093922857 | AG37: 0.0025954286 | AH37: 1 | AI37: 0 | AJ37: 0 | AK37: 0 | AL37: 0 | AM37: 0.0034285714 | AN37: 0.055714286 | AO37: 0.0065714286 | AP37: 0.0022857143 | BE37: =+IF(H37>2400,1,0) -> 0 | BF37: =+IF(I37>2400,1,0) -> 0 | BG37: =+IF(J37>2400,1,0) -> 0 | BH37: =+IF(K37>2400,1,0) -> 0 | BI37: =+IF(L37>2400,1,0) -> 0 | BJ37: =+IF(M37>2400,1,0) -> 0 | BK37: =+IF(N37>2400,1,0) -> 0 | BL37: =+IF(O37>2400,1,0) -> 0 | BM37: =+IF(Q37>5,1,0) -> 0 | BN37: =+IF(R37>5,1,0) -> 0 | BO37: =+IF(S37>5,1,0) -> 0 | BP37: =+IF(T37>5,1,0) -> 0 | BQ37: =+IF(U37>5,1,0) -> 0 | BR37: =+IF(V37>5,1,0) -> 0 | BS37: =+IF(W37>5,1,0) -> 0 | BT37: =+IF(X37>5,1,0) -> 0 | BU37: =+IF(Z37>5,1,0) -> 0 | BV37: =+IF(AA37>5,1,0) -> 0 | BW37: =+IF(AB37>5,1,0) -> 0 | BX37: =+IF(AC37>5,1,0) -> 0 | BY37: =+IF(AD37>5,1,0) -> 0 | BZ37: =+IF(AE37>5,1,0) -> 0 | CA37: =+IF(AF37>5,1,0) -> 0 | CB37: =+IF(AG37>5,1,0) -> 0 | CC37: =+IF(AI37>1,1,0) -> 0 | CD37: =+IF(AJ37>1,1,0) -> 0 | CE37: =+IF(AK37>1,1,0) -> 0 | CF37: =+IF(AL37>1,1,0) -> 0 | CG37: =+IF(AM37>1,1,0) -> 0 | CH37: =+IF(AN37>1,1,0) -> 0 | CI37: =+IF(AO37>1,1,0) -> 0 | CJ37: =+IF(AP37>1,1,0) -> 0 | CK37: =MAX(BE37,BM37,BU37,CC37)*$D37 -> 0 | CL37: =MAX(BF37,BN37,BV37,CD37)*$D37 -> 0 | CM37: =MAX(BG37,BO37,BW37,CE37)*$D37 -> 0 | CN37: =MAX(BH37,BP37,BX37,CF37)*$D37 -> 0 | CO37: =MAX(BI37,BQ37,BY37,CG37)*$D37 -> 0 | CP37: =MAX(BJ37,BR37,BZ37,CH37)*$D37 -> 0 | CQ37: =MAX(BK37,BS37,CA37,CI37)*$D37 -> 0 | CR37: =MAX(BL37,BT37,CB37,CJ37)*$D37 -> 0
A38: NH148N | B38: 217700 | C38: 217800 | D38: =+C38-B38 -> 100 | E38: Flyover | G38: 2400 | H38: 2019.9534 | I38: 1446.1927 | J38: 1423.0735 | K38: 1765.9366 | L38: 2702.5052 | M38: 2448.1642 | N38: 1948.1446 | O38: 2092.0369 | P38: 5 | Q38: 3.7 | R38: 4.7 | S38: 2.8 | T38: 4.2 | U38: 2.5 | V38: 2.5 | W38: 2.4 | X38: 2.4 | Y38: 5 | Z38: 0.60892314 | AA38: 0.41070171 | AB38: 0.31403714 | AC38: 0.340326 | AD38: 0.51304943 | AE38: 0.49755543 | AF38: 0.046710286 | AG38: 0.045744571 | AH38: 1 | AI38: 0.0025714285 | AJ38: 0 | AK38: 0.0068571429 | AL38: 0 | AM38: 0.045142857 | AN38: 0.12371429 | AO38: 0.055714286 | AP38: 0.015714286 | BE38: =+IF(H38>2400,1,0) -> 0 | BF38: =+IF(I38>2400,1,0) -> 0 | BG38: =+IF(J38>2400,1,0) -> 0 | BH38: =+IF(K38>2400,1,0) -> 0 | BI38: =+IF(L38>2400,1,0) -> 1 | BJ38: =+IF(M38>2400,1,0) -> 1 | BK38: =+IF(N38>2400,1,0) -> 0 | BL38: =+IF(O38>2400,1,0) -> 0 | BM38: =+IF(Q38>5,1,0) -> 0 | BN38: =+IF(R38>5,1,0) -> 0 | BO38: =+IF(S38>5,1,0) -> 0 | BP38: =+IF(T38>5,1,0) -> 0 | BQ38: =+IF(U38>5,1,0) -> 0 | BR38: =+IF(V38>5,1,0) -> 0 | BS38: =+IF(W38>5,1,0) -> 0 | BT38: =+IF(X38>5,1,0) -> 0 | BU38: =+IF(Z38>5,1,0) -> 0 | BV38: =+IF(AA38>5,1,0) -> 0 | BW38: =+IF(AB38>5,1,0) -> 0 | BX38: =+IF(AC38>5,1,0) -> 0 | BY38: =+IF(AD38>5,1,0) -> 0 | BZ38: =+IF(AE38>5,1,0) -> 0 | CA38: =+IF(AF38>5,1,0) -> 0 | CB38: =+IF(AG38>5,1,0) -> 0 | CC38: =+IF(AI38>1,1,0) -> 0 | CD38: =+IF(AJ38>1,1,0) -> 0 | CE38: =+IF(AK38>1,1,0) -> 0 | CF38: =+IF(AL38>1,1,0) -> 0 | CG38: =+IF(AM38>1,1,0) -> 0 | CH38: =+IF(AN38>1,1,0) -> 0 | CI38: =+IF(AO38>1,1,0) -> 0 | CJ38: =+IF(AP38>1,1,0) -> 0 | CK38: =MAX(BE38,BM38,BU38,CC38)*$D38 -> 0 | CL38: =MAX(BF38,BN38,BV38,CD38)*$D38 -> 0 | CM38: =MAX(BG38,BO38,BW38,CE38)*$D38 -> 0 | CN38: =MAX(BH38,BP38,BX38,CF38)*$D38 -> 0 | CO38: =MAX(BI38,BQ38,BY38,CG38)*$D38 -> 100 | CP38: =MAX(BJ38,BR38,BZ38,CH38)*$D38 -> 100 | CQ38: =MAX(BK38,BS38,CA38,CI38)*$D38 -> 0 | CR38: =MAX(BL38,BT38,CB38,CJ38)*$D38 -> 0
A39: NH148N | B39: 217800 | C39: 217900 | D39: =+C39-B39 -> 100 | G39: 2400 | H39: 1813.2832 | I39: 1781.7039 | J39: 2051.9571 | K39: 2317.9738 | L39: 874.37539 | M39: 977.31299 | N39: 889.00484 | O39: 1171.5362 | P39: 5 | Q39: 3.7 | R39: 4.4 | S39: 3.1 | T39: 4.1 | U39: 2.9 | V39: 3.1 | W39: 3.2 | X39: 2.8 | Y39: 5 | Z39: 0.056485429 | AA39: 0.020904857 | AB39: 0.0041468571 | AC39: 0.010269714 | AD39: 0.002506 | AE39: 0.001872 | AF39: 0 | AG39: 0.00017142857 | AH39: 1 | AI39: 0.0057142856 | AJ39: 0.0028571429 | AK39: 0 | AL39: 0 | AM39: 0 | AN39: 0 | AO39: 0 | AP39: 0.030857143 | BE39: =+IF(H39>2400,1,0) -> 0 | BF39: =+IF(I39>2400,1,0) -> 0 | BG39: =+IF(J39>2400,1,0) -> 0 | BH39: =+IF(K39>2400,1,0) -> 0 | BI39: =+IF(L39>2400,1,0) -> 0 | BJ39: =+IF(M39>2400,1,0) -> 0 | BK39: =+IF(N39>2400,1,0) -> 0 | BL39: =+IF(O39>2400,1,0) -> 0 | BM39: =+IF(Q39>5,1,0) -> 0 | BN39: =+IF(R39>5,1,0) -> 0 | BO39: =+IF(S39>5,1,0) -> 0 | BP39: =+IF(T39>5,1,0) -> 0 | BQ39: =+IF(U39>5,1,0) -> 0 | BR39: =+IF(V39>5,1,0) -> 0 | BS39: =+IF(W39>5,1,0) -> 0 | BT39: =+IF(X39>5,1,0) -> 0 | BU39: =+IF(Z39>5,1,0) -> 0 | BV39: =+IF(AA39>5,1,0) -> 0 | BW39: =+IF(AB39>5,1,0) -> 0 | BX39: =+IF(AC39>5,1,0) -> 0 | BY39: =+IF(AD39>5,1,0) -> 0 | BZ39: =+IF(AE39>5,1,0) -> 0 | CA39: =+IF(AF39>5,1,0) -> 0 | CB39: =+IF(AG39>5,1,0) -> 0 | CC39: =+IF(AI39>1,1,0) -> 0 | CD39: =+IF(AJ39>1,1,0) -> 0 | CE39: =+IF(AK39>1,1,0) -> 0 | CF39: =+IF(AL39>1,1,0) -> 0 | CG39: =+IF(AM39>1,1,0) -> 0 | CH39: =+IF(AN39>1,1,0) -> 0 | CI39: =+IF(AO39>1,1,0) -> 0 | CJ39: =+IF(AP39>1,1,0) -> 0 | CK39: =MAX(BE39,BM39,BU39,CC39)*$D39 -> 0 | CL39: =MAX(BF39,BN39,BV39,CD39)*$D39 -> 0 | CM39: =MAX(BG39,BO39,BW39,CE39)*$D39 -> 0 | CN39: =MAX(BH39,BP39,BX39,CF39)*$D39 -> 0 | CO39: =MAX(BI39,BQ39,BY39,CG39)*$D39 -> 0 | CP39: =MAX(BJ39,BR39,BZ39,CH39)*$D39 -> 0 | CQ39: =MAX(BK39,BS39,CA39,CI39)*$D39 -> 0 | CR39: =MAX(BL39,BT39,CB39,CJ39)*$D39 -> 0
A40: NH148N | B40: 217900 | C40: 218000 | D40: =+C40-B40 -> 100 | G40: 2400 | H40: 962.53327 | I40: 955.15249 | J40: 1059.0228 | K40: 1570.1531 | L40: 1103.8818 | M40: 1269.9983 | N40: 1247.2012 | O40: 1461.6275 | P40: 5 | Q40: 3.8 | R40: 3.6 | S40: 3.1 | T40: 4.2 | U40: 2.9 | V40: 3.3 | W40: 5 | X40: 2.4 | Y40: 5 | Z40: 3.0613554 | AA40: 0.0026994286 | AB40: 0 | AC40: 0 | AD40: 0.0036622857 | AE40: 0.00083171429 | AF40: 0.00040742857 | AG40: 0.00229 | AH40: 1 | AI40: 0.025428572 | AJ40: 0 | AK40: 0.0074285714 | AL40: 0 | AM40: 0.010571429 | AN40: 0 | AO40: 0 | AP40: 0 | BE40: =+IF(H40>2400,1,0) -> 0 | BF40: =+IF(I40>2400,1,0) -> 0 | BG40: =+IF(J40>2400,1,0) -> 0 | BH40: =+IF(K40>2400,1,0) -> 0 | BI40: =+IF(L40>2400,1,0) -> 0 | BJ40: =+IF(M40>2400,1,0) -> 0 | BK40: =+IF(N40>2400,1,0) -> 0 | BL40: =+IF(O40>2400,1,0) -> 0 | BM40: =+IF(Q40>5,1,0) -> 0 | BN40: =+IF(R40>5,1,0) -> 0 | BO40: =+IF(S40>5,1,0) -> 0 | BP40: =+IF(T40>5,1,0) -> 0 | BQ40: =+IF(U40>5,1,0) -> 0 | BR40: =+IF(V40>5,1,0) -> 0 | BS40: =+IF(W40>5,1,0) -> 0 | BT40: =+IF(X40>5,1,0) -> 0 | BU40: =+IF(Z40>5,1,0) -> 0 | BV40: =+IF(AA40>5,1,0) -> 0 | BW40: =+IF(AB40>5,1,0) -> 0 | BX40: =+IF(AC40>5,1,0) -> 0 | BY40: =+IF(AD40>5,1,0) -> 0 | BZ40: =+IF(AE40>5,1,0) -> 0 | CA40: =+IF(AF40>5,1,0) -> 0 | CB40: =+IF(AG40>5,1,0) -> 0 | CC40: =+IF(AI40>1,1,0) -> 0 | CD40: =+IF(AJ40>1,1,0) -> 0 | CE40: =+IF(AK40>1,1,0) -> 0 | CF40: =+IF(AL40>1,1,0) -> 0 | CG40: =+IF(AM40>1,1,0) -> 0 | CH40: =+IF(AN40>1,1,0) -> 0 | CI40: =+IF(AO40>1,1,0) -> 0 | CJ40: =+IF(AP40>1,1,0) -> 0 | CK40: =MAX(BE40,BM40,BU40,CC40)*$D40 -> 0 | CL40: =MAX(BF40,BN40,BV40,CD40)*$D40 -> 0 | CM40: =MAX(BG40,BO40,BW40,CE40)*$D40 -> 0 | CN40: =MAX(BH40,BP40,BX40,CF40)*$D40 -> 0 | CO40: =MAX(BI40,BQ40,BY40,CG40)*$D40 -> 0 | CP40: =MAX(BJ40,BR40,BZ40,CH40)*$D40 -> 0 | CQ40: =MAX(BK40,BS40,CA40,CI40)*$D40 -> 0 | CR40: =MAX(BL40,BT40,CB40,CJ40)*$D40 -> 0
A41: NH148N | B41: 218000 | C41: 218100 | D41: =+C41-B41 -> 100 | G41: 2400 | H41: 1216.8744 | I41: 1224.4486 | J41: 1813.2832 | K41: 1797.4861 | L41: 2132.1992 | M41: 1948.1446 | N41: 1515.7862 | O41: 1718.7257 | P41: 5 | Q41: 4.2 | R41: 4.3 | S41: 2.9 | T41: 4 | U41: 2.7 | V41: 2.8 | W41: 5 | X41: 2 | Y41: 5 | Z41: 0.020411143 | AA41: 0.0016031429 | AB41: 0.00015257143 | AC41: 0.00083457143 | AD41: 1.0027789 | AE41: 0.0034325714 | AF41: 0.026270571 | AG41: 0.0021408571 | AH41: 1 | AI41: 0.0022857144 | AJ41: 0 | AK41: 0 | AL41: 0.024 | AM41: 0.0025714286 | AN41: 0.030285714 | AO41: 0.006 | AP41: 0 | BE41: =+IF(H41>2400,1,0) -> 0 | BF41: =+IF(I41>2400,1,0) -> 0 | BG41: =+IF(J41>2400,1,0) -> 0 | BH41: =+IF(K41>2400,1,0) -> 0 | BI41: =+IF(L41>2400,1,0) -> 0 | BJ41: =+IF(M41>2400,1,0) -> 0 | BK41: =+IF(N41>2400,1,0) -> 0 | BL41: =+IF(O41>2400,1,0) -> 0 | BM41: =+IF(Q41>5,1,0) -> 0 | BN41: =+IF(R41>5,1,0) -> 0 | BO41: =+IF(S41>5,1,0) -> 0 | BP41: =+IF(T41>5,1,0) -> 0 | BQ41: =+IF(U41>5,1,0) -> 0 | BR41: =+IF(V41>5,1,0) -> 0 | BS41: =+IF(W41>5,1,0) -> 0 | BT41: =+IF(X41>5,1,0) -> 0 | BU41: =+IF(Z41>5,1,0) -> 0 | BV41: =+IF(AA41>5,1,0) -> 0 | BW41: =+IF(AB41>5,1,0) -> 0 | BX41: =+IF(AC41>5,1,0) -> 0 | BY41: =+IF(AD41>5,1,0) -> 0 | BZ41: =+IF(AE41>5,1,0) -> 0 | CA41: =+IF(AF41>5,1,0) -> 0 | CB41: =+IF(AG41>5,1,0) -> 0 | CC41: =+IF(AI41>1,1,0) -> 0 | CD41: =+IF(AJ41>1,1,0) -> 0 | CE41: =+IF(AK41>1,1,0) -> 0 | CF41: =+IF(AL41>1,1,0) -> 0 | CG41: =+IF(AM41>1,1,0) -> 0 | CH41: =+IF(AN41>1,1,0) -> 0 | CI41: =+IF(AO41>1,1,0) -> 0 | CJ41: =+IF(AP41>1,1,0) -> 0 | CK41: =MAX(BE41,BM41,BU41,CC41)*$D41 -> 0 | CL41: =MAX(BF41,BN41,BV41,CD41)*$D41 -> 0 | CM41: =MAX(BG41,BO41,BW41,CE41)*$D41 -> 0 | CN41: =MAX(BH41,BP41,BX41,CF41)*$D41 -> 0 | CO41: =MAX(BI41,BQ41,BY41,CG41)*$D41 -> 0 | CP41: =MAX(BJ41,BR41,BZ41,CH41)*$D41 -> 0 | CQ41: =MAX(BK41,BS41,CA41,CI41)*$D41 -> 0 | CR41: =MAX(BL41,BT41,CB41,CJ41)*$D41 -> 0
A42: NH148N | B42: 218100 | C42: 218200 | D42: =+C42-B42 -> 100 | G42: 2400 | H42: 1247.2012 | I42: 1179.0797 | J42: 1531.2986 | K42: 2156.3356 | L42: 1593.5155 | M42: 1601.3111 | N42: 1300.4628 | O42: 1908.3723 | P42: 5 | Q42: 4.4 | R42: 4.2 | S42: 2.8 | T42: 3.4 | U42: 3.6 | V42: 2.9 | W42: 4 | X42: 3.3 | Y42: 5 | Z42: 0.028537714 | AA42: 0.0068085714 | AB42: 0 | AC42: 0.010663143 | AD42: 0.0011282857 | AE42: 0.0022828571 | AF42: 0.0021888571 | AG42: 0.0015942857 | AH42: 1 | AI42: 0.0048571429 | AJ42: 0 | AK42: 0 | AL42: 0 | AM42: 0 | AN42: 0.0031428571 | AO42: 0 | AP42: 0.072857143 | BE42: =+IF(H42>2400,1,0) -> 0 | BF42: =+IF(I42>2400,1,0) -> 0 | BG42: =+IF(J42>2400,1,0) -> 0 | BH42: =+IF(K42>2400,1,0) -> 0 | BI42: =+IF(L42>2400,1,0) -> 0 | BJ42: =+IF(M42>2400,1,0) -> 0 | BK42: =+IF(N42>2400,1,0) -> 0 | BL42: =+IF(O42>2400,1,0) -> 0 | BM42: =+IF(Q42>5,1,0) -> 0 | BN42: =+IF(R42>5,1,0) -> 0 | BO42: =+IF(S42>5,1,0) -> 0 | BP42: =+IF(T42>5,1,0) -> 0 | BQ42: =+IF(U42>5,1,0) -> 0 | BR42: =+IF(V42>5,1,0) -> 0 | BS42: =+IF(W42>5,1,0) -> 0 | BT42: =+IF(X42>5,1,0) -> 0 | BU42: =+IF(Z42>5,1,0) -> 0 | BV42: =+IF(AA42>5,1,0) -> 0 | BW42: =+IF(AB42>5,1,0) -> 0 | BX42: =+IF(AC42>5,1,0) -> 0 | BY42: =+IF(AD42>5,1,0) -> 0 | BZ42: =+IF(AE42>5,1,0) -> 0 | CA42: =+IF(AF42>5,1,0) -> 0 | CB42: =+IF(AG42>5,1,0) -> 0 | CC42: =+IF(AI42>1,1,0) -> 0 | CD42: =+IF(AJ42>1,1,0) -> 0 | CE42: =+IF(AK42>1,1,0) -> 0 | CF42: =+IF(AL42>1,1,0) -> 0 | CG42: =+IF(AM42>1,1,0) -> 0 | CH42: =+IF(AN42>1,1,0) -> 0 | CI42: =+IF(AO42>1,1,0) -> 0 | CJ42: =+IF(AP42>1,1,0) -> 0 | CK42: =MAX(BE42,BM42,BU42,CC42)*$D42 -> 0 | CL42: =MAX(BF42,BN42,BV42,CD42)*$D42 -> 0 | CM42: =MAX(BG42,BO42,BW42,CE42)*$D42 -> 0 | CN42: =MAX(BH42,BP42,BX42,CF42)*$D42 -> 0 | CO42: =MAX(BI42,BQ42,BY42,CG42)*$D42 -> 0 | CP42: =MAX(BJ42,BR42,BZ42,CH42)*$D42 -> 0 | CQ42: =MAX(BK42,BS42,CA42,CI42)*$D42 -> 0 | CR42: =MAX(BL42,BT42,CB42,CJ42)*$D42 -> 0
